Artist,Total Appearances 2024
21 Savage,986.9014628433313
99 Percent,0.0
A R I Z O N A,0.0
A$AP Rocky,10.084879328664783
AJR,29.54535236389654
Adele,805.1385651508764
Alan Walker,17.251669746935086
Alessia Cara,17.9064440685633
Alok,62.33293934514511
Aminé,18.145048824340908
Andy Grammer,48.246391703698144
Anne-Marie,329.12068792790683
Anuel AA,193.22726005446688
Ariana Grande,848.1502675867398
BIA,265.20793353900916
Bebe Rexha,346.01293396970976
Beyoncé,301.1120013491001
Big Sean,412.214449071116
Bipolar Sunshine,0.0
Bright Sparks,0.0
Bruno Mars,407.81867228531786
Bruno Martini,0.0
Bryson Tiller,7.919630943222556
CMC$,0.0
CNCO,174.33530970977532
Cali Y El Dandee,107.9500328750552
Callie Herndez,0.0
Calum Scott,293.9483949458814
Calvin Harris,655.2180393060792
Carlos Vives,36.021838012161126
Cashmere Cat,154.6832721225744
Cedric Gervais,0.0
Chance the Rapper,190.9835986805924
Charlie Puth,185.95943355643743
Charly Black,0.0
Cheat Codes,136.65813065135598
Childish Gambino,7.817255885608763
Chino & Nacho,0.0
Chris Brown,695.435986188701
Chris Willis,0.0
Clean Bandit,24.499845870278513
Coldplay,985.2806864262245
Cosculluela,34.465863737730366
DJ Snake,-67.74544948171086
DNCE,16.409819309527947
DVBBS,0.0
Daddy Yankee,13.356580980360528
Daft Punk,352.68436756647526
Dakota,0.0
Dante Klein,0.0
David Guetta,533.5941481295137
Desiigner,0.0
Don Omar,303.21892423985565
Drake,1306.2875230225823
Dua Lipa,481.5341033377158
Dyo,0.0
Ed Sheeran,1546.8999335289104
El Chacal,0.0
Emily Warren,0.0
Eminem,1693.1980652414113
Emma Stone,0.0
Enrique Iglesias,-8.053699422957424
FRENSHIP,0.0
Farruko,51.388980160383895
Fetty Wap,48.98615093245225
Fifth Harmony,0.0
Flo Rida,0.0
Flume,151.12314898608975
Foster The People,6.020066706499142
Future,692.7665500114267
G-Eazy,13.307256294413673
Galantis,99.02063107383702
Gente De Zona,220.20433169158105
Grey,11.699705509313494
Gucci Mane,-7.906096315052766
Hailee Steinfeld,14.420753366483478
Halsey,22.902348026217194
Hearts & Colors,0.0
Hook N Sling,0.0
Hozier,172.06587770434828
IAmChino,0.0
Imagine Dragons,965.0778861526688
Isaiah Firebrace,0.0
J Balvin,15.489009683902987
J. Cole,334.0396101739374
JAY-Z,40.07400229517484
JP Cooper,0.0
James Arthur,284.1623869486482
James Bay,16.296516142634292
James Blunt,0.0
James Hersey,0.0
Jax Jones,33.85343360861916
Jessica Rothe,0.0
Joel Adams,0.0
John Legend,11.472684535478999
John Mayer,81.93366890994172
Jon Bellion,0.0
Jos Blue,245.93071750623852
Julia Michaels,13.746314574698408
Justin Bieber,817.1990947859654
Justin Hurwitz,0.0
Justin Timberlake,74.1656544323514
KREAM,0.0
KYLE,104.01237052026103
Kanye West,205.7497649038803
Kendrick Lamar,302.858028911959
Kiiara,0.0
Kodak Black,180.4896001951408
Kris Kross Amsterdam,-23.32388701343747
Kungs,-1.758553566108239
Kygo,142.7405353224628
Kyla,347.3736772072561
La La Land Cast,0.0
Labrinth,241.0660379188639
Lady Gaga,205.98219549506027
Lauv,122.11346397807766
Lil Uzi Vert,358.21516060133456
Lil Wayne,41.19224408662944
Little Mix,46.21045709890588
London Grammar,11.999999874306566
Louis Tomlinson,8.303406626040712
Luis Fonsi,18.87353968909512
Lukas Graham,16.995213523107306
Luke Christopher,0.0
M.I.A.,0.0
MC G15,23.993094318358168
Machine Gun Kelly,130.75634458554572
Macklemore & Ryan Lewis,338.027053150278
Major Lazer,15.531993386445148
Maluma,12.860565285596248
Marc E. Bassy,0.0
Mark Morrison,16.738202262024515
Mark Ronson,27.862074356876363
Maroon 5,267.3352847267124
Martin Garrix,45.16185244402575
Martin Jensen,23.69521782154066
Marvin Gaye,12.000005694754106
Matoma,0.0
Metro Boomin,1111.7702436226912
MiC LOWRY,0.0
Michael Jackson,12.960682936757143
Migos,63.87734733117949
Mike Perry,0.0
Mike Posner,2.720954893432875
Milky Chance,0.0
Mura Masa,0.0
MØ,5.340632020525896
NEIKED,91.01654821131794
Nate Dogg,-55.24136450661409
Nause,0.0
Nevada,0.0
Niall Horan,-3.2734329653607714
Nicki Minaj,187.5525781482122
Nicky Jam,167.97080033621236
Noah Cyrus,55.84807519090563
Oasis,32.69209177727038
Olivia Holt,0.0
Ozuna,351.7039950861169
PARTYNEXTDOOR,161.59662543573484
Passenger,31.079233938115188
Petit Biscuit,0.0
Pharrell Williams,100.87724407479936
Phoebe Ryan,0.0
Piso 21,9.28097880094998
PnB Rock,8.231094331156765
Post Malone,814.338348661075
Quavo,20.42123479106268
Queen,44.4948850479059
RAYE,345.6970287338311
Rae Sremmurd,144.1117256959448
Rag'n'Bone Man,0.0
Ricky Martin,54.633322782695515
Rihanna,453.4928058757072
Rob $tone,0.0
Robin Schulz,129.28324017608384
Rudimental,167.5460022170756
Ryan Gosling,0.0
Sage The Gemini,0.0
Sam Smith,426.8042187228873
San Holo,0.0
Sean Paul,390.5169344210725
Sebastian Yatra,210.95473022477907
Selena Gomez,347.38878110574194
Shakira,856.5970300561002
Shawn Mendes,345.0917085827866
Shelley FKA DRAM,0.0
Sia,342.5778394509304
Skehips,0.0
Skrillex,130.12246810158703
Sky Rompiendo,92.11594546667108
Sonoya Mizuno,0.0
Stanaj,0.0
Starley,13.832565473149113
State of Sound,0.0
Steve Aoki,108.97463591196212
Stevie Wonder,6.871643843481222
Tammi Terrell,12.000005694754106
Taylor Swift,2443.338212636432
Thalia,112.8430207434815
The Chainsmokers,115.84220477444921
The Jackson 5,23.261382237097767
The Killers,106.35704636921635
The Vamps,0.0
The Weeknd,3668.077949462111
The xx,0.0
Tiësto,-40.85135403485476
Tove Lo,9.438755127659354
Travis Scott,311.1653151657502
Twenty One Pilots,383.33468409631416
Tyga,387.2206087897175
Ugly God,12.000006870519316
Vice,0.0
VÉRITÉ,0.0
Wisin,-109.77898204009139
WizKid,6.186331804068533
XYLØ,0.0
Young M.A,0.0
Young Thug,352.10123113963056
ZAYN,65.36119501839114
Zara Larsson,126.22838650286843
Zay Hilfigerrr,0.0
Zayion McCall,0.0
Zedd,24.72881433042337
Zeeba,0.0
Zion & Lennox,176.28538162828056
gnash,0.0
kai,0.0
Aaron Carter,0.0
Alejandro Fernández,0.0
Alesso,31.082733558089622
Arrhult,0.0
Axwell /\ Ingrosso,14.547626279321573
Ayo & Teo,0.0
BTS,736.2177504177542
Bag Raiders,0.0
Bahari,0.0
Bon Iver,11.999999882177862
Burak Yeter,0.0
Christi Perri,1.3174445248229218
DJ Khaled,164.01162985644103
Danelle Sandoval,0.0
Danny Ocean,20.42485944437493
Ellie Goulding,347.53441094751895
Jason Derulo,187.68040983132053
Jeremih,0.0
Jillian Edwards,0.0
Joakim Lundell,0.0
Journey,21.338372085845055
KALEO,0.0
Katy Perry,38.456588485146874
Khalid,355.9358457309351
Kid Ink,0.0
Lana Del Rey,810.8607853568025
Linkin Park,68.80265843711656
MAX,266.59155099049747
MC Kevinho,-8.707248034203095
Marian Hill,0.0
Mikky Ekko,131.9999905893277
Morat,7.342285200772154
Nick Jos,-47.141055616685875
Sabrina Carpenter,148.0008292282784
Sam Hunt,15.837649765032225
Shaggy,-2.5294080189028625
Sigrid,0.0
Skip Marley,0.0
Snow Patrol,0.0
Starrah,0.0
Stormzy,50.6143469039317
TWENTY88,0.0
The Flint Chozen Choir,0.0
The Goo Goo Dolls,106.08849161936027
The-Dream,71.99979427861845
Thomas Gold,0.0
V,136.45172674547743
XXXTENTACION,112.6365413875794
2 Chainz,153.0414918880023
Astrid S,0.0
Black Coffee,0.0
Boef,4.227270780047091
Chuck Berry,30.20770988019675
Frank Ocean,164.49890942498445
Giggs,0.0
Gorillaz,75.92966646556887
Gryffin,7.48259884666382
Hot Shade,0.0
ILLENIUM,259.57674001743896
Iggy Azalea,0.0
Jorja Smith,366.2269188249853
Logic,26.361979697912794
Lorde,149.75500382674505
MNEK,-111.453423000225
Nano,0.0
P!nk,121.11466769449088
Pitbull,11.502204289751875
Prince Royce,142.56623500428873
Robin Bengtsson,0.0
Russ,3.6704982281146528
Sampha,180.00000069165142
Stargate,0.0
Wiktoria,0.0
alt-J,0.0
cho,209.2799049015979
A Boogie Wit da Hoodie,13.460810381680577
Arcangel,8.911261523624413
Chris Jedi,161.72478130920632
Damian Lemar Hudson,0.0
Fall Out Boy,0.0
Florida Georgia Line,264.292326354205
French Montana,79.64352311594664
Harry Styles,996.9575818046213
Jhené Aiko,39.099995436713385
Joey Bada$$,0.0
Lil Yachty,26.01085889210611
Lord Huron,165.0675169246505
Louane,0.0
MC Eiht,0.0
Maggie Lindemann,0.0
OneRepublic,688.6505755069618
Paramore,6.0685024845231545
Phoenix,0.0
Playboi Carti,114.01313751700495
Swae Lee,347.9788879105311
Yandel,341.49097983683805
blackbear,26.4709828340611
Alex Aiono,0.0
Anitta,19.490741743701324
Ansel Elgort,0.0
Audioslave,0.0
Bad Bunny,2659.6892304538087
Big Lenbo,0.0
Black Thought,0.0
Blanche,0.0
Camila Cabello,106.17289787182581
Chris Cornell,0.0
Chuck D,0.0
Electric Light Orchestra,0.0
Felix Jaehn,148.76629893137923
Fleetwood Mac,13.575581359194812
Gavin James,0.0
HAIM,2.6808485499147667
Hight,0.0
I Wroldsen,-80.66630674289921
J Hus,0.0
Juicy J,6.4243028647682365
Killer Mike,11.999991487580292
Lauren Jauregui,6.129831327858067
Liam Payne,9.29404648470126
Lil Kleine,192.0
Lucy Rose,0.0
MIMI,0.0
Martin Solveig,160.93866392783838
Miley Cyrus,632.3528365556189
Muse,0.8356511927860766
Neil deGrasse Tyson,0.0
No I.D.,0.0
Ofenbach,130.3643140938892
Rita Ora,15.719734384960601
Salvador Sobral,0.0
Shawn Hook,0.0
Soundgarden,0.0
Sunstroke Project,0.0
Troye Sivan,-29.624738051894052
Vanessa Hudgens,0.0
William Singe,0.0
Ella Eyre,104.26830115215655
ItaloBrothers,0.0
Jowell & Randy,21.147952348928772
Kamferdrops,0.0
Macklemore,327.4659260727492
Manuel Turizo,840.9529148727477
Mobb Deep,0.0
Moon Taxi,0.0
Offset,3.966382911357975
SZA,899.0203853790266
Sigala,12.928260993385473
Trey Songz,0.0
Ty Dolla $ign,83.68810328661587
"Tyler, The Creator",120.51613539565729
Willy William,-14.688886126975422
187 Strassenbande,32.723482774453416
Becky G,350.0299770373759
Bonez MC,34.50955884986085
C. Tanganana,131.71737848463107
Cardi B,9.298531676432873
Cash Cash,0.0
Charli XCX,32.80680862777548
Demi Lovato,108.1858200143834
Dimitri Vegas,-6.116884676399089
Dimitri Vegas & Like Mike,-6.116884676399089
EXO,1.670212986418821
Gzuz,7.082014469969352
Jennifer Lopez,9.788573684815544
Kesha,14.610366789830252
LANY,86.36141397922063
LX,2.184206681239875
Lynyrd Skynyrd,1.175249364531641
Maite Perroni,22.607044983132973
Maren Morris,-3.824161428471629
Max B,0.0
Maxwell,2.885047481558587
Mc Livinho,17.470486957243978
Poo Bear,0.0
Portugal. The Man,11.574365190445327
RAF Camora,32.341535922838816
Romeo Santos,207.29630899878353
The Dap-Kings Horns,0.0
The Script,0.0
Thomas Rhett,0.0
Vance Joy,331.24927922280796
Yo Gotti,0.0
6LACK,113.54890280622544
A$AP Mob,0.0
Abraham Mateo,0.0
Alex Sensation,0.0
Avicii,44.5115995000661
Bonnie Tyler,0.0
Christian Daniel,0.0
Coely,0.0
DJ Jonathan,0.0
DJ Luian,183.04269758001013
Foo Fighters,24.886567016741207
KAROL G,1340.500699482847
Mambo Kingz,183.04269758001013
Marshmello,427.7431513299058
Miguel,341.9852762756172
Olly Murs,0.0
Pabllo Vittar,581.9728624194838
Rvssian,103.0078976765011
Sandro Cavazza,302.09504571910645
Thirty Seconds To Mars,0.0
Wiz Khalifa,49.7717038379145
A$AP Ferg,132.64625713687693
ALMA,0.0
Earth,8.014065672692153
Farid Bang,35.83408254205443
HUGEL,0.0
Jesse & Joy,0.0
Joey Monta,0.0
Justin Jesso,0.0
Kelly Clarkson,51.07378498316365
Kollegah,0.0
Lil Pump,363.69331957028254
Natti Natasha,15.442378036273508
Niska,11.99999982010952
Quintino,0.0
R3HAB,51.97630365432005
ROZES,0.0
Stefflon Don,-61.79465824610637
Tay-K,0.0
Tove Styrke,0.0
U2,0.0
Wind & Fire,8.014065672692153
AC/DC,5.421844035330059
Bausa,14.673329934613946
Big Shaq,0.0
Blue Öyster Cult,0.9556916729177511
"Bobby ""Boris"" Pickett",2.803671566067805
Dalmata,0.0
Daya,84.69359710676007
De La Ghetto,2.0984322427726028
Digital Farm Animals,84.10540878412404
Kane Brown,60.92900463878265
Moelogo,0.0
NF,66.96233191081572
Nathaniel Alford,0.0
Ray Parker Jr.,2.6426784150057623
Red Hot Chili Peppers,12.371334260306266
Rich The Kid,357.8198816632686
Rockwell,2.337593466562335
The Citizens of Halloween,1.8719280534342435
The Crypt-Kickers,2.803671566067805
The Night Game,0.0
Tom Petty,0.0
Tom Petty and the Heartbreakers,11.9997704191444
Twice As Nice,0.0
22 Savage,0.0
6ix9ine,234.4778381585829
Afrojack,14.015977843125613
Andy Williams,58.03730750407386
Anita Kerr Singers,0.0
Band Aid,42.256128271734816
Bastille,91.510068951124
Bing Crosby,56.95078436424115
Brenda Lee,62.794970475031285
Craig David,0.0
Diplo,-58.03674043596022
Famous Dex,0.0
Frank Sinatra,43.89999781960691
Jaden,11.999997389741761
Jason Mraz,67.24845860312165
John Lennon,37.86371275804615
John Scott Trotter & His Orchestra,37.066118956088154
José Feliciano,40.54142225346001
Ken Darby Singers,37.066118956088154
Lil Peep,99.62420895657573
Lil Xan,0.0
MC's Jhowzinho & Kadinho,0.0
Mariah Carey,127.3868735002283
Michael Bublé,147.69100904215483
N.E.R.D,0.0
Nego do Borel,0.0
Salmo,11.081457373845259
The Harlem Community Choir,46.031332465402855
The Plastic Ono Band,46.031332465402855
Wham!,79.7548237242449
YBN hmir,0.0
Yebba,107.99355353069512
Yoko Ono,37.86371275804615
Zoe Nash,0.0
*NSYNC,5.043926484250928
Annie Lennox,1.1599044616589458
Aretha Franklin,0.0
B-Case,0.0
Bee Gees,11.999999999934643
Belinda,0.0
Bobby Helms,59.43973272338595
Boney M.,38.41380860466768
Booba,31.52322412326194
Britney Spears,227.05138598495427
Bruce Springsteen,10.58316799832023
Bryan Adams,1.082951782617776
Burl Ives,39.92377701601488
Carpenters,3.7422411265139073
Chris Rea,38.06368194368713
Cliff Richard,1.7490545113211162
Damso,11.01425051417742
Darlene Love,24.287810195321065
Daryl Hall & John Oates,19.72090059431386
Dave Stewart,1.1599044616589458
Dean Martin,49.931881367012096
Destiny's Child,2.104159314479554
Drew Love,0.0
Eagles,10.292340067442268
Eartha Kitt,21.38531184935575
Elton John,405.8727331458725
Elvis Presley,28.075999591469163
Eurythmics,1.1599044616589458
Frank Sitra,18.40976581158642
Gene Autry,8.00157307824385
George Ezra,35.65222349111157
Gwen Stefani,18.145137230310816
Henri Rene & His Orchestra,21.597160842276082
Hugh Jackman,0.0
Huncho Jack,0.0
Idina Menzel,29.29985613790542
Jo Lewie,1.4338031454910258
John Williams,9.735178307804905
Juan Magán,0.0
Judy Garland,2.7544366625044256
Kash Doll,0.0
Kay Starr,0.9093181873255686
Keala Settle,193.333208312275
Kylie Minogue,14.326076367314437
Larry Walsh,7.710992558253734
Leo Lewis,8.199454806993113
Lou Monte,0.0
Lucenzo,808.3534903401395
MC Fioti,0.0
Maejor,0.0
Mark Linett,7.710992558253734
Mc Zaac,103.97424612469088
Meghan Trainor,130.07974280430423
Melanie Thornton,1.082951782617776
Mud,1.7490545113211162
Mykola Dmytrovych Leontovych,9.735178307804905
Nat King Cole,62.00805703338085
Nat King Cole Trio,1.2014176194076311
Outkast,2.371586861802915
Paul McCartney,40.12217402215018
Peggy Lee,0.0
Pentatonix,8.44198274045093
Perry Como,51.90743721606434
Pretenders,1.779891751547626
Quality Control,181.82770378342394
Rik Rok,0.0
Shakin' Stevens,34.04927433868139
Slade,2.4761058262265
Snova,0.0
Sweet,7.710992558253734
TOTO,92.62263357431245
Takeoff,14.665486624997309
The Andrews Sisters,2.97953942025839
The Beach Boys,23.764871783275684
The Beatles,0.0
The Clash,0.0
The Fontane Sisters,50.45090597949391
The Platters,0.0
The Pogues,26.979534758606995
The Ronettes,36.36715979051132
Thurl Ravenscroft,1.2973488898233527
Tony Bennett,6.526120656217804
Trippie Redd,94.23683488964997
Vince Guaraldi Trio,4.880631201075317
Wizzard,2.5874241186482436
Wolfine,0.0
Zac Efron,153.11865917182539
Zendaya,371.27763078042636
Almighty,198.4513792558529
Austyn Johnson,0.0
Bazzi,355.96033061729946
BloodPop®,0.0
Cameron Seely,0.0
Carge,0.0
Daniel Everidge,0.0
Dj Kass,0.0
Ghali,0.0
Jay Rock,346.7126177184342
Jeon,0.0
Jojo Maronttinni,0.0
Juliander,0.0
Lean Trap,0.0
Lil Skies,215.16381311510256
Loren Allred,0.0
Matt Terry,0.0
Michelle Williams,0.0
Ramz,0.0
Sfera Ebbasta,25.03570432480076
The Cranberries,9.157791284311983
Ziv Zaifman,0.0
5 Seconds of Summer,188.4744819972818
Ab-Soul,0.0
BlocBoy JB,121.22031335407401
Brooks,173.54826647969344
CHVRCHES,-95.33468694787551
Glades,0.0
Janelle Monáe,0.0
Lali,0.0
Leslie Grace,0.0
MC Loma e As Gêmeas Lacração,0.0
Mau y Ricky,-331.8454144957409
Mozzy,0.0
Red Velvet,24.710591982686
Reik,15.581525538420792
Rich Brian,1903.2750456850822
SOB X RBE,0.0
ScHoolboy Q,107.40251115016869
Simone & Simaria,0.0
Sofía Reyes,179.05930748348862
Tom Walker,113.28016648265437
Tory Lanez,156.29187746768432
Vince Staples,11.99763815940509
Zacari,0.0
Cazzu,60.361027680206185
DJ A1,0.0
Dan + Shay,21.145688140138233
Dennis Lloyd,236.10788493875987
Duki,180.88807201183366
Gesaffelstein,258.6310683397266
HRVY,0.0
Hayley Kiyoko,0.0
K$upreme,0.0
KHEA,203.47812129748715
King Princess,0.0
Lil Dicky,-24.935294739095273
Madison Beer,91.08635374172223
Panic! At The Disco,284.236858617398
Paulo Londra,267.6909483541796
Slim Jxmmi,0.0
Tee Grizzley,0.0
Years & Years,0.0
Young Sinatra,0.0
YoungBoy Never Broke Again,13.09267072152587
Zé Neto & Cristiano,91.53332815963489
j-hope,51.68644192848449
Banx & Ranx,0.0
Billie Eilish,831.0590928157427
Bomba Estéreo,345.17561581990185
Capital Bra,11.573145602139775
Capo Plaza,1.8828618619270319
Casper Magico,239.5660876868434
DJ RD,7.349398213308717
Dagny,0.0
Darell,92.26483393788861
Florence + The Machine,93.62988311449787
Jay Electronica,0.0
Jorge & Mateus,27.206847769277488
Lary Over,0.0
Lenny Tavárez,-59.05928788160819
Luis Figueroa,0.0
MC Kekel,0.0
MC MM,0.0
MC Rita,0.0
MC WM,0.0
Mason Ramsey,99.62137044295473
NOTD,0.0
Nio Garcia,91.99950037308895
Noriel,115.43618814783505
Paloma Faith,-213.3149461805615
Rivers Cuomo,0.0
Seeb,0.0
Tim Berg,0.0
Ufo361,32.07520764162733
YG,14.373936665215998
Aldair Playboy,0.0
Alvaro Soler,0.0
Arctic Monkeys,1105.1810876862764
Benjamin Ingrosso,11.999999925099718
Brando,0.0
Brytiago,249.65686322567046
Charlie Charles,11.99923509538172
Christi Aguilera,5.713777488840951
DJ SpinKing,0.0
Dark Polo Gang,11.99999982010952
Dzeko,0.0
Eleni Foureira,0.0
Era Istrefi,0.0
Fedez,78.62782339893162
J-AX,0.0
Jess Glynne,-0.440139635530684
Juice WRLD,52.835713623159435
Lil Baby,80.49196149216006
Loud Luxury,11.071533917221746
Luis Miguel,11.999997409627307
Matheus & Kauan,10.828623379286176
Michael Schulte,0.0
Mikolas Josef,0.0
Netta,0.0
Pi'erre Bourne,0.0
Preme,0.0
Pusha T,143.60917629403326
Rick Ross,8.548377268356838
Wesley Safadão,37.75267582095767
Will Smith,0.0
070 Shake,343.6711590681124
Alec Benjamin,33.08477270312949
BLACKPINK,284.8279969560763
Diddy,0.0
Ella Mai,0.0
Jack & Jack,54.56656295056382
KIDS SEE GHOSTS,0.0
Killstation,0.0
Kin$oul,0.0
King Khalil,0.0
LUDMILLA,1.096907084164009
Louis Prima,0.0
Louis The Child,0.0
MC Bruninho,16.82918531974502
Nas,0.0
PNL,53.25930582323473
Showtek,0.0
Ski Mask The Slump God,59.74655918383501
Static Major,0.0
Summer Cem,52.00862681359425
The 1975,10.662743197350553
The Carters,0.0
Tony Williams,0.0
Yasiin Bey,0.0
Aitana,10.33802545230462
Alex Rose,192.82068261533118
Au/Ra,0.0
Baddiel,35.99999327919185
Bushido,59.995702568688074
DJ Durel,0.0
Dean Lewis,150.9185036530969
Dynoro,7.516436650768257
El Profesor,0.0
Elley Duhé,154.98414765575353
Forever Band,0.0
Gigi D'Agostino,7.516436650768257
Justin Quiles,27.303053406517424
Mala Rodríguez,0.0
Meek Mill,91.10376570331677
OMI,0.0
R.K.M & Ken-Y,0.0
Rauw Alejandro,330.3617077875064
Skinner & Lightning Seeds,35.99999327919185
Supa Bwe,0.0
The Boy Next Door,0.0
Tomine Harket,0.0
Zion,17.115111752863942
benny blanco,363.43160863787574
Armin van Buuren,0.0
Arthur Hanlon,0.0
Bas,59.99999618004351
Bring Me The Horizon,12.390432680623217
Bryce Vine,0.0
Jessie Reyez,425.83180441479834
Lele Pons,-13.318297749142173
Mac Miller,47.06567848107569
Paul Rosenberg,0.0
Reese LAFLARE,0.0
Robyn,0.0
"Royce Da 5'9""",0.0
Sheck Wes,35.6834923758167
Smokepurpp,129.67460963696266
Trío Los Josefinos,0.0
Why Don't We,114.6156171881896
Young Stoner Life,59.58298495848574
a-ha,1352.2475804495423
Ava Max,75.086240310189
Avril Lavigne,7.558433271969404
BROCKHAMPTON,12.69859710720391
Bradley Cooper,54.30939297534825
Capo,0.0
Flipp Dinero,0.0
Fren,0.0
GASHI,0.0
Gun,113.92194635925276
Guè Pequeno,0.0
Joji,309.34933092430657
Justin Mylo,0.0
Lil Mosey,-0.16811970477077126
Loreda,10.032185704889262
Marília Mendonça,101.06110405552796
Mozzik,5.206321772172577
Mumford & Sons,0.0
Nicky Romero,0.0
SCH,51.31975696262433
Silk City,0.0
Social House,0.0
Sophia Somajo,0.0
Swizz Beatz,0.0
Veysel,0.0
Aazar,0.0
Anderson .Paak,25.670352995875334
Arevi,0.0
Bobby Shmurda,17.70484544888977
Bryant Myers,10.1695869673809
DJ Jazzy Jeff & The Fresh Prince,0.0
Felipe Araújo,0.0
Ferrugem,0.0
Hanybal,0.0
Kevin Roldan,105.53338270037483
KitschKrieg,114.3121630601414
Lauren Daigle,0.0
Lennon Stella,-6.513958855230067
Luciano,27.963443725034697
Marc Anthony,0.0
Marilyn Manson,0.0
Normani,14.26399936748795
RM,38.555739101952106
Teddy Geiger,0.0
anders,0.0
(G)I-DLE,31.235106885123177
Baby Goth,0.0
Barloe Team,0.0
Camilo,330.58151802903814
Carly Rae Jepsen,0.0
David Bowie,27.31606621256126
Emani 22,0.0
JENNIE,0.0
Jaira Burns,662.4342091182848
K/DA,175.85793163214976
Kodie Shane,0.0
MC Gury,0.0
MC L da Vinte,0.0
MERO,44.079175915958075
Mike Will Made It,4.76520675809853
Mike Yung,0.0
Nel-Denarro,0.0
Orelsan,59.99998185937177
Pedro Capó,243.86286339308657
Samra,15.594814169015752
TrifeDrew,0.0
Wisin & Yandel,82.70290534622826
Azet,4.498825286977513
Backstreet Boys,1.5473069275388074
Band Aid 30,0.0
Brett Eldredge,27.463249174285487
Céline Dion,2.250506536585804
DENNIS,0.0
Devin Dawson,0.0
Donny Hathaway,3.160463563507658
Ella Fitzgerald,6.1229243143310095
H.E.R.,63.185393126900834
Hanh Kerr,23.99999735104055
Haze,0.0
Humberto & Ronaldo,0.0
Jerry Smith,0.0
Jessie J,1.8279777104174622
Johnny Mathis,23.999997932730945
Kelsea Ballerini,0.0
Liz Gillies,5.685558117881161
Mel & Kim,23.99999735104055
Murda Beatz,34.33918859742941
Márcia Fellipe,0.0
Nina Nesbitt,23.99998594806828
Nitti Gritti,0.0
Peter Manos,0.0
Roddy Ricch,159.83657042457602
Sa4,18.23420879588031
Sorana,0.0
Stan Kenton,0.0
Train,2.3591468252957926
Usher,1.6015787298839073
Whitney Houston,12.29493798476437
Winona Oak,0.0
Zu,25.93569160272665
Bass Santa,0.0
Blueface,0.0
Captain Cuts,0.0
Coez,0.0
Dominic Fike,51.28605794276937
Flyboy Tarantino,0.0
Gabriel Diniz,0.0
Georgia Ku,0.0
Henrique & Juliano,57.583029540721405
James Blake,0.0
Kehlani,69.51727494385656
Kid Trunks,0.0
Lewis Capaldi,456.12295084607905
Luche,0.0
MC Kevin o Chris,35.94471677439591
Micro TDH,0.0
Mustard,-31.64589660767057
Reddz,0.0
Reynmen,10.547743638385471
SHAED,9.197333322688927
Shindy,13.303432037481212
Shirin David,9.116417406509955
Snow,93.75453551022473
Tedua,1.2014753433535585
Vampire Weekend,0.0
Alicia Keys,11.052793610105416
Amezzy,125.62654654833977
Calboy,0.0
Cauty,0.0
Chencho Corleone,511.64243893648535
ChocQuibTown,0.0
Dermot Kennedy,24.052776792874422
Disclosure,19.85877547553525
Eno,23.245660551298375
FP do Trem Bala,0.0
Irama,9.046326780913132
KC Rebell,36.58884220706106
Loote,0.0
Mabel,60.00038934515126
Mahmood,35.576952294602904
Ninho,18.29257149492956
Rafa Pabön,189.33817016406525
Summer Walker,26.172518533324222
The Police,170.58082238974018
The Rudeboyz,0.0
Tropkillaz,0.0
Ultimo,11.998939661549938
Valerie Broussard,42.033977920653555
YNW Melly,13.65816824812822
YUNGBLUD,7.213735284005117
Aaron Smith,0.0
BRADO,0.0
Dalex,-25.357705909603286
Don Patricio,0.0
El Guincho,143.25590918041274
FLETCHER,0.0
Feid,2626.9024960139077
Fero47,0.0
Gaby Music,0.0
Gaullin,0.0
John Lundvik,0.0
Jonas Brothers,69.35369683208397
Kenny Man,0.0
Lil Nas X,105.2410872902099
Luy,22.556037499411797
Myke Towers,138.1794824185633
Paloma Mami,-172.5087929905353
ROSALÍA,566.4864241384547
Rammstein,17.444964930845174
Renn da Penha,0.0
Sech,10.925650076165423
Solange,0.0
TOMORROW X TOGETHER,100.71707031585366
Tame Impala,77.66801494589123
The Black Keys,0.0
Aloe Blacc,0.0
Aventura,135.06086539612656
DaBaby,162.43874520929407
Dardan,3.8149548269760363
Goodboys,63.28762909448854
Guaya,173.76217163508775
Kina,10.337981389513345
Lizzo,120.87363307977557
MEDUZA,71.4266513033652
Madon,0.0
Nimo,17.629305930788096
Nipsey Hussle,17.767442634582288
Polo G,77.44900867009116
RIN,5.724535287676998
TWICE,83.7168853093973
Agnes,0.0
Chelsea Cutler,0.0
Duncan Laurence,116.4393529525255
Herve Pagez,0.0
Jhay Cortez,773.8252425919974
Jon Z,0.0
Joyner Lucas,29.419065516265157
Juju,6.54752893756206
KEiiNO,0.0
Kontra K,26.85730211533145
Luca Hänni,0.0
Luke Combs,186.00823246838803
NLE Choppa,414.04747298740267
Slipknot,0.0
Tainy,-181.77139957815763
TisaKorean,0.0
Vargas & Lagola,0.0
Zhavia Ward,0.0
88-Keys,0.0
A Touch Of Class,0.0
Ali Gatie,-39.69350339569402
Analaga,0.0
Ashley O,0.0
Blanco Brown,0.0
Brandy,0.0
Daniel Caesar,50.34218003415039
Data Luv,0.0
Dreamville,4.982302045334595
Gemitaiz,0.0
Guay,0.0
Jos Brothers,103.88559466533056
João Gustavo e Murilo,0.0
Kalazh44,0.0
Lil Tecca,-133.76513594859267
MadMan,0.0
Marciano Cantero,0.0
Mr Eazi,8.049835707598017
Nekfeu,0.0
Nemir,0.0
Sam Feldt,0.0
Sodré,0.0
Travis Barker,1.673099120427491
Vanessa Paradis,0.0
Y2K,139.1401762626019
bbno$,375.6412892909376
omi Scott,0.0
Afro Bros,0.0
Ari Lennox,0.0
Beba,0.0
Billy Eichner,0.0
Billy Ray Cyrus,311.56794337290626
Blue Ivy,0.0
Christine and the Queens,0.0
CocoRosie,0.0
Cordae,3.1458243455980717
Dani Faiv,0.0
Dayvi,0.0
Death Cab for Cutie,0.0
En Vogue,0.0
Fabri Fibra,0.0
Hell Raton,0.0
Izi,0.0
Jack The Smoker,0.0
Jeremy Zucker,0.0
Kelly Ruíz,0.0
Kierra Sheard,0.0
Lazza,41.040482196035406
Like Mike,0.0
Lil Durk,37.06191749900265
MACHETE,0.0
MadeinTYO,0.0
Majid Jordan,0.0
Massimo Pericolo,0.0
Megan Thee Stallion,0.8332399831129009
Nitro,0.0
Norm Ender,0.0
Residente,45.81113602800481
SAINt JHN,4.651470429276749
Seth Rogen,0.0
Smino,0.0
Stephanie Poetri,0.0
Taylor Bennett,0.0
Tones And I,13.291023501871923
Victor Cardes,417.5103691097475
tha Supreme,0.0
Apache 207,43.75202030827245
Bizarrap,699.9830281162788
Hit-Boy,0.0
Lil Duke,11.999994404392297
Lil Tjay,52.33286333402351
Luan Santana,26.545507758159214
Miami Yacine,0.0
Nicki Nicole,98.30039883973996
Rico Nasty,0.0
Saweetie,703.9101044072678
SiR,0.0
TOOL,0.0
The Game,116.8120625200326
WOS,0.0
24kGoldn,-6.928514196670039
Animus,0.0
DJ 2F,0.0
Dímelo Flow,-139.2872016258976
Felipe Origil,0.0
JS o Mão de Ouro,0.0
José José,0.0
LEA,0.0
Lalo Ebratt,0.0
MC Du Black,0.0
MC JottaPê,0.0
MC M10,0.0
Melanie Martinez,203.48286162278066
Regard,254.69151971591663
Rich Music LTD,0.0
SSIO,0.0
Sido,0.0
The Cratez,0.0
blink-182,35.99999947513556
Ant Clemons,0.0
Arizo Zervas,122.85110919953908
Becky Hill,121.42440545891705
Black Eyed Peas,11.483956707686263
Burna Boy,63.76270466726054
Carlos Santana,0.0
Clipse,0.0
Dadá Boladão,0.0
Ezhel,136.91365671424504
Fred Hammond,0.0
Gambi,0.0
Internet Money,9.289406027338751
Kenny G,0.0
Marracash,92.72233603469877
Murda,0.0
OIK,0.0
Omar Montes,0.0
Rex Orange County,-143.3669396333156
Sunday Service Choir,0.0
SuperM,0.0
TINI,346.2228846518093
Tati Zaqui,0.0
AURORA,58.33975825474256
Adria Proenza,0.0
Ant Saunders,0.0
Chris King,0.0
Christian Nodal,82.63924148460686
Doja Cat,159.33965959253055
Duckwrth,0.0
Evan Rachel Wood,0.0
Gradur,0.0
Heuss L'enfoiré,0.0
JP Saxe,-347.03784149185356
Juhn,-17.30014110720099
Jungleboi,0.0
KSI,80.00859397830759
Keke Palmer,0.0
Lexa,0.0
Luísa Sonza,49.75381375499361
MORTEN,0.0
Maggie Rogers,11.999999921607266
Oliver Heldens,0.0
Quan'ta,0.0
Riton,63.867283014878836
SOYEON,0.0
Shiva,2.461894999260145
Thutmose,0.0
Trevor Daniel,189.34034324428308
Conan Gray,190.6899775853701
Don Toliver,264.089766195769
Hava,0.0
JACKBOYS,0.0
Kacey Musgraves,3.5156605835614463
PEDRO SAMPAIO,13.916762410226498
Pop Smoke,913.5533681834875
SUGA,114.40722662647323
ELIF,0.0
Guilherme & Benuto,45.39408370677248
Gusttavo Lima,64.55785541088072
Hayley Williams,0.0
Joker Bra,0.0
Jul,0.0
Likybo,0.0
Los Ángeles Azules,0.0
Maes,11.99998256730442
Matthew Wilder,0.0
Miksu / Macloud,106.45753958117832
Mila,0.0
Olivia Rodrigo,130.09722880901538
Surfaces,68.29238522449464
TOKYO'S REVENGE,0.0
Thiaguinho MT,0.0
Topo La Maskara,0.0
VIZE,0.0
Walshy Fire,0.0
talia Lafourcade,0.0
Ashe,0.0
Brent Faiyaz,38.672451308252825
DJ Henrique da VK,0.0
Diodato,0.0
G Herbo,24.435022081554653
Green Day,0.0
Jack Harlow,27.110043305559337
K CAMP,0.0
Kendo Kaponi,0.0
London On Da Track,0.0
MC Ingryd,0.0
MC Lan,0.0
Mora,185.11908247791388
Ozzy Osbourne,0.0
Pablo Chill-E,0.0
Pinguini Tattici Nucleari,0.0
Powfu,-13.833922356144033
Stun 4 Vegas,0.0
Yaviah,0.0
beabadoobee,154.08305975692826
Ñengo Flow,87.0956518128263
A7S,-4.8998849136899665
AK AUSSERKONTROLLE,0.0
BENEE,0.0
Dolly Parton,1.3789015557629174
DripReport,0.0
Eiffel 65,0.0
Gus Dapperton,0.0
ITZY,88.25984166676453
Kaash Paige,0.0
Kenny Rogers,0.0
Monet192,0.0
PUBLIC,0.0
Rymez,0.0
SRNO,107.32756478594153
Sub Urban,60.54568200032078
Surf Mesa,258.51296251899635
Topic,-4.8998849136899665
Bill Withers,0.0
Evaluna Montaner,-98.46652737312151
J. Rey Soul,0.0
KEVVO,0.0
Kid Cudi,7.589120799888853
Leon Bridges,0.0
Lyanno,15.918107754575884
Rod Wave,79.90634158638643
Sam Fischer,97.1223571818324
Sasha Sloan,0.0
THE SCOTTS,0.0
The Rolling Stones,11.999999684099798
The Strokes,0.0
Tony Igy,0.0
Vicetone,0.0
Zak Abel,0.0
Agust D,306.964650682287
Alexander 23,0.0
Banda MS de Sergio Lizárraga,0.0
Brray,112.76376232254832
El Alfa,-5.2732155891810715
Fousheé,16.75916831010123
Gabriela,0.0
Haftbefehl,0.0
IU,112.72156945310589
Juanka,0.0
KALIM,0.0
Kim Petras,340.9157436529894
Natalie Taylor,0.0
Niack,0.0
NiiHWA,0.0
Pashanim,29.55786413493321
S1mba,0.0
Sleepy Hallow,147.13126583799425
Snoop Dogg,346.6088065078529
StaySolidRocky,0.0
Tego Calderon,0.0
Young T & Bugsey,0.0
jxdn,0.0
2Pac,71.99997357293422
AVA,0.0
Alessandra Amoroso,0.0
Aya kamura,0.0
Bilal Wahib,0.0
Boomdabash,0.0
Bosh,0.0
Bozza,0.0
Chris Nolan,0.0
Conkarah,0.0
Curren$y,0.0
Curtis Waters,0.0
CÉLINE,0.0
DJ Nelson,-58.346691490340845
Harm Franklin,0.0
Harry Nach,0.0
James Brown,0.0
Jamule,0.0
Jarabe De Palo,0.0
Jawsh 685,252.12582157974998
Jay Wheeler,-49.665857436082774
Ludacris,0.0
Nea,0.0
Peach Tree Rascals,0.0
Rowdy Rebel,0.0
Run The Jewels,0.0
Shablo,0.0
The Kid LAROI,347.28544935831997
Tom Gregory,0.0
Tyla Yaweh,0.0
VIC MENSA,0.0
WILLOW,31.119295364495553
Wallows,0.0
Zack De La Rocha,0.0
Zoe Wees,0.0
iann dior,2.914828826957867
BØRNS,0.0
Chael Produciendo,0.0
Clueso,0.0
Dan Paola,10.378849210422114
Dixie,0.0
Don Q,0.0
Evlay,0.0
Headie One,0.0
Jasmine Thompson,0.0
Jhorrmountain,0.0
Joel Corry,605.6425160073662
Juanfran,0.0
Numidia,0.0
One Direction,346.8058954145685
Puri,0.0
Red Velvet - IRENE & SEULGI,0.0
SOMI,0.0
Sonus030,0.0
TATOOL,0.0
Taiu,218.96090720098917
Tate McRae,224.91903141857694
Tina Turner,36.98293622367724
Trueno,-74.68587806305258
Vybz Kartel,0.0
Wes,0.0
13 Organisé,0.0
Ana Mena,0.0
BANNERS,0.0
Bea Miller,0.0
CRO,0.0
Elams,0.0
Glass Animals,344.6190197350449
Gloria Groove,35.99998293287977
Houari,0.0
Hwa Sa,0.0
Ir Sais,0.0
Jd Pantoja,0.0
Jerry Di,0.0
Jone Quest,0.0
Jos Esticado,0.0
Kim Loaiza,0.0
Kofs,0.0
Manu Gavassi,0.0
Morgan Wallen,356.3228339084831
NAV,16.74444929471267
Naps,68.50120188621644
Rocco Hunt,0.0
SFR,0.0
Solda,0.0
Soso Maness,0.0
Super Yei,0.0
Syd,0.0
The Neighbourhood,344.45401136315127
WhoHeem,0.0
Wolftyla,0.0
twocolors,0.0
Akon,0.0
Alfonso Herrera,0.0
Alonestar,0.0
Amanda Shires,0.0
Anahí,0.0
Ashnikko,0.0
Christian Chávez,0.0
Christopher von Uckermann,0.0
Clairo,0.0
Dilsinho,25.3097433844061
Donna Summer,0.0
Dulce María,0.0
Fally Ipupa,0.0
Freeze corleone,0.0
Gentleman,0.0
Hamza,0.0
Keith Urban,0.0
Lous and The Yakuza,0.0
MC Jacaré,35.99995871907845
MC Rogerinho,25.362460530209496
Maiara & Maraisa,14.875324808406436
Master KG,0.0
Matuê,66.91836246960433
Money Man,0.0
Os Barões Da Pisadinha,13.711811478438406
Quarterhead,0.0
RBD,0.0
Rick Live,0.0
Ritt Momney,0.0
Stray Kids,43.73052945143246
The Neptunes,10.89362087069258
Vedo,0.0
salem ilese,0.0
Angèle,6.732585261943693
BLOODY VINYL,0.0
Busta Rhymes,0.0
CJ,0.0
CORPSE,7.702100059561487
DDG,0.0
HVME,-14.433293900093425
Imanbek,33.00445991707645
Jhayco,135.99442297769968
Lexie Liu,0.0
Los Legendarios,-142.20291042419845
Nelly Furtado,7.765998264788659
Octavian,0.0
Pink Sweat$,0.0
Savage Ga$p,0.0
Skepta,0.0
Slait,0.0
Timbaland,7.765998264788659
Van Halen,0.0
Young Miles,0.0
347aidan,55.880149371352815
ABRA,0.0
Alico,0.0
Boza,8.955631607703447
Douglas & Vinicius,0.0
King Von,71.99979938688129
La Húngara,0.0
Migrantes,308.9954391797292
Niño de Elche,0.0
Nuka,0.0
Porky Slim,0.0
Ricky Montgomery,0.0
Sean Kingston,0.0
Studio Killers,0.0
System Of A Down,0.0
Trio Vegabajeño,0.0
Xand Avião,30.123230010348802
grandson,0.0
Ángela Aguilar,70.70626095106762
ABBA,24.36402479116343
AJ Mitchell,0.0
Andrew Andraos,0.0
Ella Henderson,-568.0317527434377
Esprit Ange Andraos,0.0
Helene Fischer,0.0
James TW,0.0
Louis Armstrong,1.9823666409372827
Marvin Divine,0.0
Menor Nico,0.0
Mother Mother,0.0
Nathy Peluso,0.0
Nirvana,21.828655595515315
Norah Jones,0.0
Otis Redding,3.240428042181738
Petter Ferraz,0.0
Purple Disco Machine,0.0
Sophie and the Giants,0.0
Tarcísio do Acordeon,48.478405306414906
The Commanders,1.9823666409372827
Wilbur Soot,0.0
ATB,3.7260407398560376
Bruno & Marrone,0.0
DJ Dahi,11.999995551448054
DJ Ivis,0.0
DJ Lucas Beat,0.0
Diego & Victor Hugo,17.524147277848645
Eric Land,0.0
Erica Banks,0.0
Fernando & Sorocaba,0.0
Hugo & Guilherme,89.66775683746272
Joshua Bassett,0.0
KASIMIR1441,0.0
Kawe,0.0
Masked Wolf,-62.57699855337421
Mc Lele JP,0.0
Milly,0.0
Sara Kays,0.0
Tierry,0.0
WILDBWOYS,0.0
Zé Felipe,85.00495513730715
Zé Vaqueiro,0.0
badmómzjay,0.0
carolesdaughter,0.0
Clinton Kane,0.0
DUSTY LOCANE,0.0
Ed Maverick,0.0
ElyOtto,0.0
Giveon,340.0507195293653
Gotye,65.24538741461923
Jeff Costa,0.0
Kali Uchis,684.5795805027882
Kimbra,65.24538741461923
Mc Danny,51.135177580100525
Nathan Evans,0.0
Nightcrawlers,63.32181572575308
Pooh Shiesty,0.0
Raí Saia Rodada,0.0
Rochy RD,0.0
Willow Sage Hart,0.0
Beach Bunny,0.0
Colapesce,0.0
Dala,0.0
Dimartino,0.0
Flow La Movie,0.0
Francesca Michielin,0.0
Gym Class Heroes,0.0
Hippie Sabotage,0.0
Hopsin,0.0
Israel & Rodolffo,206.15272149133415
JSX,0.0
L-Gante,0.0
Lit Killah,0.0
Madame,71.99948847939766
Malu,0.0
Maria Becerra,1.5481708348960104
Mariah Angeliq,0.0
Måneskin,26.367261420789674
Pamungkas,0.0
ROSÉ,0.0
Rusherking,0.0
SDM,0.0
Silk Sonic,8.116896613585181
Tiago PZK,328.1518313940922
WATTS,0.0
Baby Keem,168.50990363766147
Beéle,187.18075298940832
DMX,0.0
Dj GBR,0.0
Dj Guuga,0.7288063478173195
ENHYPEN,36.50764882156627
Gera MX,0.0
Kevin Gates,192.00123178847457
MARINA,0.0
Mainstreet,121.89655306755135
Majestic,0.0
Mc Don Juan,81.21170346427925
Mc Poze do Rodo,0.0
Mimi Webb,0.0
NGEE,0.0
Neo Beats,128.52304593058233
Russ Millions,0.0
SANTOS,0.0
Snow Tha Product,0.0
Surf Curse,1.73142521349427
Tion Wayne,0.0
Tom Grennan,0.0
Tom Odell,361.14820593211493
UZI,62.974541742887965
YG Pablo,0.0
YTB Trench,0.0
Yung Kayo,0.0
$NOT,0.0
Barbara Pravi,0.0
Bella Poarch,0.0
Blind Channel,0.0
Cochise,0.0
Crissin,0.0
Daði Freyr,0.0
Destiny,0.0
Dream,0.0
Efendi,0.0
Elena Tsagrinou,0.0
Frauenarzt,0.0
Gjon's Tears,0.0
Go_A,0.0
Lil Zey,0.0
Lovejoy,0.0
Luar La L,321.703304569761
Matheus Fernandes,68.0774924858064
Mc Davi,40.12615177566531
Mc Pedrinho,40.65142847171475
Mr. NaisGai,0.0
NCT DREAM,0.0
Natan & Shander,0.0
StarBoi3,0.0
THE ROOP,0.0
Th CDM,0.0
Totoy El Frio,0.0
Tusse,0.0
aespa,8.943948245671828
sangiovanni,0.0
42 Dugg,0.0
Achille Lauro,0.0
BANDIDO,0.0
BLANCO,62.45813969134667
Bo Burnham,0.0
Chad Smith,0.0
Chase Atlantic,0.0
Chimbala,0.0
DAISY WORLD,0.0
DJ Drama,0.0
Domo Genesis,0.0
Eladio Carrion,348.40081817632574
João Gomes,260.40446502287574
Justin Wellington,0.0
MC Rick,0.0
MC Zaquin,0.0
MYA,0.0
Marc Seguí,0.0
Mari Ferndez,78.66337026402869
Mata,12.000006870519316
Matt Maltese,0.0
Pol Granch,0.0
Robert Trujillo,0.0
Sarah Cothran,0.0
Seori,0.0
Small Jam,0.0
Teezo Touchdown,0.0
Trinidad Cardona,0.0
Vegedream,7.2071197487317615
WATT,0.0
Yo-Yo Ma,0.0
Belly,0.0
Big Red Machine,0.0
Blxst,118.77558728532134
Brisa Star,0.0
Creedence Clearwater Revival,35.99999779425844
DJ KOSTA 22,0.0
Dave,0.0
Emilia,8.605178468693559
Fat Les,0.0
Ingratax,0.0
Isaiah Rashad,0.0
Jamie Miller,0.0
John Newman,0.0
LIT Killah,0.0
Marcynho Sensação,0.0
MistaJam,0.0
Neil Diamond,0.0
PinkPantheress,352.7981585494758
Rels B,74.8989004292164
Shouse,0.0
Smiley,0.0
The White Stripes,0.0
Thiago Jhothan (TJ),0.0
Vitor Ferndes,0.0
Walker Hayes,0.0
Zac Brown Band,0.0
dhruv,0.0
dvsn,0.0
mc jhenny,125.31058742191853
A-Wall,0.0
André Nine,0.0
Asees Kaur,0.0
B Praak,0.0
Coolio,225.56113881152191
Costa Gold,0.0
Jasleen Royal,0.0
John Amplificado,0.0
Jubin utiyal,64.80337459538907
L.V.,225.56113881152191
LIT killah,0.0
Lost Frequencies,307.9254384374689
Montez,0.0
Nessa Barrett,95.99839240451705
Ruth B.,353.5086684999699
Sefo,0.0
Steve Lacy,354.6337639359433
THE ANXIETY,0.0
Tai Verdes,0.0
Tanishk Bagchi,64.80337459538907
Tyler Cole,0.0
zzoilo,204.59384211072197
$uicideboy$,0.0
Atomic Otro Way,0.0
CKay,0.0
Calibre 50,0.0
Central Cee,-43.772541149517586
Chlöe,0.0
DJ PH DA SERRA,0.0
DannyLux,0.0
Dj Lv Mdp,0.0
ElGrandeToto,0.0
Eslabon Armado,338.5853738632335
Grupo Firme,0.0
Jc La Nevula,0.0
Juliette,0.0
LISA,103.77593246405701
LeeHi,0.0
Mc Anjim,0.0
Night Lovell,0.0
Oliver Tree,144.60538580433615
Skylar Grey,0.0
ACRAZE,18.325103729422985
Andrew Gold,11.999999448114123
Avine Vinny,0.0
Benson Boone,141.7923776631497
BoyWithUke,0.0
Cherish,18.325103729422985
DJ Patrick Muniz,0.0
Dj Adoni,0.0
Dj Olliver,0.0
Doode,0.0
Felipe Amorim,0.0
Gabry Ponte,0.0
George Michael,0.0
Ivan Cornejo,0.0
Jaymes Young,0.0
Jesy Nelson,0.0
Kitty Kat,0.0
LUM!X,0.0
Little Nell,0.0
MKTO,0.0
Mc Topre,0.0
Mitski,0.0
Monsieur Periné,0.0
My Chemical Romance,0.0
Nardo Wick,107.78917776056657
Patricia Quinn,0.0
Prezioso,0.0
Ptazeta,0.0
Realestk,0.0
Richard O'Brien,0.0
SEVENTEEN,444.2671445163263
Siouxxie,0.0
Stromae,0.0
Swedish House Mafia,0.0
Teto,43.07075316758352
The Walters,112.08542901045804
Tokischa,0.0
Vicente Garcia,0.0
cakal,0.0
girl in red,71.80323461418968
Amaarae,0.0
Blessd,378.44717657383643
Bruno Major,0.0
Calcutta,0.0
DJ Gege,0.0
DJ Kaioken,0.0
DJ Nikolas Alves Exclusive,0.0
Emmy Meli,0.0
Fuego,0.0
GAYLE,0.0
George Henrique & Rodrigo,0.0
JIN,101.3530001980144
KronoMuzik,0.0
MC Levin,0.0
Myd,0.0
Paulo Pires,0.0
Randy,0.0
RealestK,0.0
Squeezie,0.0
The Rare Occasions,0.0
Trei Degete,0.0
AFROJACK,0.0
AX'EL,0.0
Aaliyah,0.0
Adassa,0.0
Amy Grant,0.0
Arcángel,242.7717193804061
B. Swanson Quartet,775.8745856918132
Bagua Records,0.0
Blake Shelton,431.9904102878544
Carol Richards,11.999999448114123
Carolina Gaitán - La Gaita,0.0
Christina Aguilera,0.0
DJ Matt D,0.0
Diane Guerrero,0.0
Dj Yo!,0.0
Dopamine,0.0
FKA twigs,0.0
Fireboy DML,0.0
Grupo F1rmo,0.0
Gunna,0.0
Gustah,0.0
Henri René and His Orchestra,167.99252061223874
IVE,239.35589083403528
JID,187.37963979044676
Jennifer Hudson,0.0
Jessica Darrow,0.0
Jnr Choi,0.0
Jona Lewie,0.0
Julieta Venegas,0.0
Kirsty MacColl,167.99252061223874
Leona Lewis,0.0
Lunay,0.0
MC GP,0.0
Mae Muller,0.0
Mari Fernandez,30.222133968472495
Mauro Castillo,0.0
Menor MC,0.0
Mitchell Ayres & His Orchestra,989.3203664437907
Moliy,0.0
Morad,0.0
Mufasa & Hypeman,0.0
Nayer,0.0
Ne-Yo,0.0
PNAU,353.8500026922729
Project Pat,0.0
Ray Dalton,340.169559912704
Rhenzy Feliz,0.0
Ryan Lewis,340.169559912704
SALES,0.0
Sam Tompkins,0.0
Shania Twain,23.999975778201737
Spice Girls,0.0
Stephanie Beatriz,0.0
The Puppini Sisters,47.99990055911278
Vicente Fernández,0.0
Vulgo FK,0.0
Vundabar,0.0
Wizkid,323.4887459655007
Wyclef Jean,710.9330788157749
Xamã,0.0
AP Dhillon,0.0
Abhir Hathi,0.0
Alvaro Diaz,0.0
Beach House,57.625170076338314
Bejo,0.0
Carin Leon,348.34998029860907
Chefin,0.0
Colin Hay,0.0
Cruz Cafuné,0.0
David Kushner,420.3778674628896
Devi Sri Prasad,0.0
Dylan,0.0
EL IMA,0.0
Edison Lighthouse,0.0
Em Beihold,232.1581119315711
Gurinder Gill,0.0
Intense,0.0
Juseph,0.0
Kep1er,0.0
La Pantera,0.0
Lauren Spencer Smith,0.0
Luude,0.0
Mc Renn,0.0
Meat Loaf,0.0
Muni Long,83.17553118303131
NIKI,0.0
Olga Merediz,0.0
Quevedo,696.7819795905896
Ri Sawayama,0.0
Ryan Castro,0.0
SiM,0.0
Sick Luke,0.0
Sid Sriram,0.0
Tayrone,0.0
The Lumineers,0.0
Yung Lean,0.0
thasup,0.0
50 Cent,52.10856680657573
Anirudh Ravichander,0.0
Cris Mj,304.0465504211311
DG e Batidão Stronda,0.0
DaChoyce,0.0
Dargen D'Amico,0.0
Dido,0.0
Dj Serpinha,0.0
Dove Cameron,0.0
Dr. Dre,0.0
Elisa,0.0
Fivio Foreign,0.0
Jonita Gandhi,0.0
Jung Kook,263.0356391963984
La rappresentante di lista,0.0
MC Teteu,0.0
Malik Monta,0.0
Rkomi,0.0
Roger,0.0
TREASURE,0.0
Tarkan,0.0
The Plug,0.0
4*TOWN (From Disney and Pixar's Turning Red),0.0
Ak4:20,0.0
Alejo,0.0
AnnenMayKantereit,0.0
Cornelia Jakobs,0.0
Davi Kneip,0.0
Dj Gabriel do Borel,0.0
Eden Muñoz,268.25179116221
Finneas O'Connell,0.0
Giant Rooks,0.0
Grayson Villanueva,0.0
JVKE,600.5914888030934
Jordan Fisher,0.0
Josh Levi,0.0
Landon Barker,0.0
Lil Jon,0.0
Lucky Daye,0.0
Mc Frog,0.0
NMIXX,0.0
Nigo,0.0
Nile Rodgers,136.64179045252203
Omah Lay,0.0
Pailita,0.0
ROBI,0.0
T-Low,0.0
Topher Ngo,0.0
Tulus,0.0
Yahritza Y Su Esencia,295.73959722999723
Yeat,39.30799260603148
shadowraze,0.0
Ali Sethi,0.0
BIGBANG,0.0
Connie Constance,0.0
DJ Bel da CDD,0.0
DJ Biel do Furduncinho,0.0
Dylan Conrique,0.0
EST Gee,0.0
Guns N' Roses,0.0
HA SUNG WOON,0.0
Jessi,0.0
Jimin,793.4938056872331
Kenny Mason,0.0
Kevin Kaarl,0.0
L7NNON,0.0
Leah Kate,0.0
Mr.Kitty,0.0
Nicky Youre,180.5996138105292
OmenXIII,0.0
Os Hawaianos,0.0
PSY,0.0
Polimá Westcoast,0.0
Shae Gill,0.0
Southside,0.0
Tems,0.0
WIU,0.0
anees,0.0
dazy,180.5996138105292
Alonzo,0.0
Amanda Reifer,0.0
BYOR,0.0
Benzz,0.0
Beth Gibbons,0.0
Buscabulla,0.0
Chanel,0.0
Ghostface Killah,0.0
Jovem Dionisio,0.0
Junior H,906.0725091751773
KALUSH,0.0
Kalush Orchestra,0.0
Kate Bush,0.0
LE SSERAFIM,670.2879456281573
S10,0.0
Sam Dew,0.0
Sam Ryder,0.0
Sidhu Moose Wala,0.0
Stephen Sanchez,689.6184430844576
Subwoolfer,0.0
Suki Waterhouse,0.0
Tanna Leone,0.0
Taylour Paige,0.0
Tears For Fears,324.57378568580185
The Marías,0.0
Tony Dize,0.0
Victor Cibrian,0.0
Wazir Patar,0.0
DJ Robin,0.0
Dj Win,0.0
Duke & Jones,0.0
Felix of Stray Kids,0.0
Fleet Foxes,0.0
James Hype,0.0
Keisya Levronka,0.0
La Adictiva,0.0
Lasso,0.0
Louis Theroux,0.0
Luis R Conriquez,-13.932074490915646
MC Mari,0.0
MC Tairon,0.0
Mc Vitin Da Igrejinha,0.0
Miggy Dela Rosa,0.0
Musical Youth,0.0
Schürze,0.0
Villano Antillano,0.0
YEON,0.0
glaive,0.0
A Castela,0.0
Amitabh Bhattacharya,0.0
Arijit Singh,0.0
BEAM,0.0
Bianca,0.0
Cigarettes After Sex,0.0
Dj Chris No Beat,0.0
Grace Jones,0.0
Grupo Marca Registrada,0.0
Joony,0.0
LF SYSTEM,0.0
Melody,0.0
Metallica,0.0
Porter Robinson,0.0
Pritam,0.0
Rema,0.0
Rosa Linn,0.0
Seafret,0.0
Steve Perry,0.0
The Temper Trap,0.0
Tinashe,0.0
Tre' Amani,0.0
Yung Gravy,0.0
Armani White,0.0
Beach Weather,0.0
Dj Tk,0.0
Fridayy,0.0
Ghost,0.0
John Travolta,0.0
Kordhell,0.0
Kotim,0.0
MC Ryan SP,0.0
Maldy,0.0
Mc Paiva ZS,0.0
NewJeans,0.0
Nina Chuba,0.0
Olivia Newton-John,0.0
Ovy On The Drums,0.0
Peso Pluma,0.0
Shenseea,0.0
Sofia Carson,0.0
Aitch,0.0
Balming Tiger,0.0
Bootie Brown,0.0
Crush,0.0
Dedublüman,0.0
Dina Rae,0.0
Dxrk ãƒ€ãƒ¼ã‚¯,0.0
Eliza Rose,0.0
Fran C,0.0
Fujii Kaze,0.0
Grupo Frontera,0.0
Hallie Coggins,0.0
Interplanetary Criminal,0.0
Juanes,0.0
Keane,0.0
Mavzer Tabancas,0.0
Montell Fish,0.0
Mudd the student,0.0
Nickoog Clk,0.0
Omar Apollo,0.0
Omega Sapien,0.0
Oxlade,0.0
Pablito Pesadilla,0.0
Rosa Walton,0.0
Zach Bryan,0.0
bj wnjn,0.0
d4vd,0.0
Baby Rasta,0.0
Cults,0.0
Gustavo Mioto,0.0
Hotel Ugly,0.0
Inéz,0.0
Juliano Maderada,0.0
Kenshi Yonezu,0.0
Peter Fox,0.0
Rashmi Virag,0.0
Rick James,0.0
Screamin' Jay Hawkins,0.0
Sickick,0.0
Standly,0.0
Stars Music Chile,0.0
Surya Ragunaathan,0.0
Tiago Doidão,0.0
Yohani,0.0
southstar,0.0
Aerosmith,0.0
Ana Castela,0.0
Bellakath,0.0
DJ ESCOBAR,0.0
FAST BOY,0.0
Foudeqush,0.0
Freddie Dredd,0.0
Freshlyground,0.0
INTERWORLD,0.0
Isabel LaRosa,0.0
James Carter,0.0
King,0.0
Ludwig Göransson,0.0
MC MENOR HR,0.0
MC MENOR SG,0.0
New West,0.0
TWISTED,0.0
ThxSoMch,0.0
YOVNGCHIMI,0.0
Yuridia,0.0
paopao,0.0
Boris Karloff,0.0
Caralisa Monteiro,0.0
Colby O'Donis,0.0
Colde,0.0
Dj Aurélio,0.0
Dj LK da Escócia,0.0
Dj TG Beats,0.0
Erykah Badu,0.0
Fuerza Regida,0.0
Gala,0.0
Gayla Peevey,0.0
Kim Sawol,0.0
Kumaar,0.0
La Mosca Tse-Tse,0.0
Luan Pereira,0.0
MC K.K,0.0
MC Lipivox,0.0
Mabel Matiz,0.0
Mahalia,0.0
Mc RF,0.0
Mert Demir,0.0
Mustafa,0.0
Ol' Dirty Bastard,0.0
Park Ji-yoon,0.0
Paul Blanco,0.0
Phoebe Bridgers,0.0
Sarah Connor,0.0
Sarah Rebecca,0.0
Shekhar Ravjiani,0.0
Shilpa Rao,0.0
Tablo,0.0
Tchakabum,0.0
Vishal Dadlani,0.0
Vishal-Shekhar,0.0
Youjeen,0.0
Young Nudy,0.0
eleck,0.0
ANNA,0.0
AYLIVA,0.0
Baby Tate,0.0
Cian Ducrot,0.0
Coi Leray,0.0
DJ Jeeh FDC,0.0
Edgardo Nuñez,0.0
El Padrinito Toys,0.0
Felipe e Rodrigo,0.0
Flowdan,0.0
Fred again..,0.0
Gabito Ballesteros,0.0
Guè,0.0
Kadu Martins,0.0
Koffee,0.0
La Joaqui,0.0
La Maquiria Norteña,0.0
LiL CaKe,0.0
Libianca,0.0
MC Menor MT,0.0
Mac DeMarco,0.0
Mc Pelé,0.0
Natanael Cano,0.0
Nico Valdi,0.0
Oscar Maydon,0.0
Popcaan,0.0
Saint Levant,0.0
Sukriti Kakar,0.0
TAEYANG,0.0
Tom Morello,0.0
Tony Aguirre,0.0
Udo Lindenberg,0.0
Yuri Redicopa,0.0
AgroPlay,0.0
Angel Dior,0.0
ArizonaTears,0.0
Ayra Starr,0.0
Bad Gyal,0.0
Carla Morrison,0.0
Chino Pacas,0.0
DJ Ak beats,0.0
El Chachito,0.0
HITMAKER,0.0
Ice Spice,0.0
Kaifi Khalil,0.0
Leo Santana,0.0
Lizzy McAlpine,0.0
MC Xenon,0.0
Mae Stephens,0.0
Mahalini,0.0
Marco Mengoni,0.0
Mc Tato,0.0
Milo j,0.0
Mr.Rain,0.0
Os Gemeos da Putaria,0.0
Raim Laode,0.0
Superstar Pride,0.0
Yng Lvcas,0.0
Big One,0.0
Brandi Carlile,0.0
Callejero Fino,0.0
Cartel De Santa,0.0
Eric Church,0.0
FIFTY FIFTY,0.0
HARDY,0.0
Igow,0.0
JISOO,0.0
John Paul White,0.0
Jon Batiste,0.0
Joy Williams,0.0
KAI,0.0
Kenia OS,0.0
La Kelly,0.0
Loreen,0.0
Roar,0.0
SYML,0.0
So!YoON!,0.0
TV Girl,0.0
Young Miko,0.0
Adriano Rhod,0.0
Anggi Marito,0.0
BM,0.0
Baco Exu do Blues,0.0
FMK,0.0
Jack Black,0.0
Jasiel Nuñez,0.0
Kanii,0.0
KayBlack,0.0
Ke Personajes,0.0
Lola Indigo,0.0
Marquinho no Beat,0.0
Ryuichi Sakamoto,0.0
Saiko,0.0
Simone Mendes,0.0
The tiol,0.0
WOOSUNG,0.0
YOASOBI,0.0
ARIZONATEARS,0.0
Alessandra,0.0
Amitabha Bhattacharya,0.0
Bvga Beatz,0.0
Eros Ramazzotti,0.0
Joost,0.0
Kali,0.0
Käärijä,0.0
Lil Mabu,0.0
MC Caverinha,0.0
Noa Kirel,0.0
Otto Waalkes,0.0
Prod Malax,0.0
Radiohead,0.0
Sachin-Jigar,0.0
Ski Aggu,0.0
Supernova Ent,0.0
Veigh,0.0
Wall Hein,0.0
