,Artist,Total Points 2024
1201,Peso Pluma,360453.1301185967
140,Taylor Swift,198334.72286454804
637,Feid,194186.09594871468
145,The Weeknd,140142.09771941288
1148,Jimin,134708.39873043314
290,SZA,133216.65062322645
1093,David Kushner,99231.2388490389
280,Bad Bunny,91665.72187642807
1159,Junior H,90075.28399691064
905,Kali Uchis,89963.10410824761
833,Morgan Wallen,83067.43678764673
1220,Grupo Frontera,76415.57534433113
271,Miley Cyrus,74092.80033630841
327,KAROL G,73426.47769821272
1249,Fuerza Regida,72640.55531961861
503,Arctic Monkeys,71049.4311234097
43,Eminem,66552.44899258864
286,Manuel Turizo,65941.83485770997
131,Shakira,55492.43723205673
1009,Eslabon Armado,54404.477529201315
0,21 Savage,52850.41481778452
267,OneRepublic,51719.00258171564
175,Chris Brown,51132.51335731491
649,ROSALÍA,44147.738820428465
699,Bizarrap,44046.77185290013
255,Harry Styles,44011.77935175579
984,PinkPantheress,43779.41060341615
959,Eladio Carrion,43176.06210465109
1138,Yahritza Y Su Esencia,43162.21919267316
1238,Ana Castela,41622.04578966898
201,Beyoncé,41467.65814379815
334,Miguel,40052.915588051095
715,TINI,38971.88162464516
100,Metro Boomin,38573.39057575262
83,Lil Uzi Vert,38185.39502497765
194,Imagine Dragons,37919.67427952663
28,Coldplay,36834.80592011312
404,Meghan Trainor,35504.729442861266
113,Ozuna,32789.3351615094
124,Rihanna,32249.99703293562
225,Lana Del Rey,31899.984316826827
171,Selena Gomez,30807.000572614492
35,David Guetta,30337.289404243864
170,Sam Smith,29863.020106229727
1121,JVKE,28723.1901863143
521,070 Shake,28552.821370686186
11,Bebe Rexha,28268.972974815704
1211,Keane,26901.933702439448
520,BLACKPINK,26800.27802964577
825,Taiu,24639.548307153607
32,Daft Punk,24341.490890723806
120,RAYE,23927.988079724815
797,Agust D,22382.004337039667
1112,Em Beihold,22351.64870721545
214,Sabrina Carpenter,22321.169098240083
264,Yandel,21132.97160794048
1186,A Castela,19364.36168195326
1046,Blessd,19302.63274251283
18,Calvin Harris,18977.174270543866
1167,Tears For Fears,18365.077839544974
1137,Nile Rodgers,18050.319202558352
1036,SEVENTEEN,18018.177857300234
134,Sia,17876.349767308857
63,J. Cole,17705.037882881705
1243,New West,17653.038629083538
560,Marília Mendonça,16799.27231871969
823,One Direction,16246.40152362151
602,Lewis Capaldi,15850.84802020032
460,Tory Lanez,15441.540949998871
110,Nicki Minaj,14981.011610969967
879,Migrantes,14869.230429312352
1120,Eden Muñoz,13194.719644665409
557,Joji,13164.853809357253
989,Ruth B.,13030.562620244558
799,Kim Petras,12954.214257724158
1210,d4vd,12906.760193111468
51,Future,12880.361211719232
707,Melanie Martinez,12627.696419565973
670,NLE Choppa,12611.214404567603
165,Lady Gaga,12385.124855511809
480,Bomba Estéreo,11869.031270452859
313,Romeo Santos,11753.879393751478
203,Khalid,11682.94279630723
308,Vance Joy,11500.839593669454
297,"Tyler, The Creator",11446.699423656777
766,Ñengo Flow,10311.351808350359
126,Robin Schulz,10294.744523780499
644,Myke Towers,10169.410989243876
927,Tom Odell,9319.172450286682
477,Gesaffelstein,9072.17688497448
938,ENHYPEN,8692.484032785782
1087,Carin Leon,8029.3421478803
218,Ellie Goulding,7889.385659539472
664,Luke Combs,7788.514697868044
9,Ariana Grande,7593.044712983668
805,The Kid LAROI,7088.461064732246
829,Glass Animals,6727.384029105333
588,Wisin & Yandel,6578.2674159077915
1102,Muni Long,6530.906716920521
1088,Beach House,6499.739873426341
851,Matuê,5883.198174582837
788,IU,5821.295745403668
329,Marshmello,5301.088840142266
443,Jay Rock,5206.288390088492
548,a-ha,4910.8193953170085
71,Justin Bieber,4832.922059305925
535,Dean Lewis,4828.629452767036
118,Post Malone,4788.809951414067
1205,Maldy,4672.066110788442
222,Linkin Park,4607.141632861276
695,Lil Durk,4471.171410933288
1234,Yuridia,4455.6815716274905
794,Brray,4269.313924792005
876,Ángela Aguilar,4140.4210555511445
109,Niall Horan,4015.1008815361756
276,Anitta,3942.9598952682572
66,James Arthur,3858.0694352893524
248,Gorillaz,3816.532475144766
1077,Arcángel,3787.015871595309
37,Drake,3776.8529789048685
1084,Ray Dalton,3768.1983898976077
1085,Ryan Lewis,3768.1983898976077
1140,WIU,3647.0990727811736
471,Duki,3548.4919052718888
1118,Cris Mj,3543.039371372704
1086,Wizkid,3527.10435294722
482,Florence + The Machine,3334.5279334581346
1049,IVE,3284.0289717200994
683,Lazza,3273.500951234312
740,Don Toliver,3175.0487149533847
638,Sech,3140.085408831604
1010,Central Cee,3054.764832527817
581,(G)I-DLE,3048.3974368650615
1195,Grupo Marca Registrada,2959.8323572012387
918,Israel & Rodolffo,2661.060538440469
91,Macklemore & Ryan Lewis,2616.1032818767735
700,Nicki Nicole,2586.9709439732583
821,Tina Turner,2579.508890162228
292,Macklemore,2456.416625744891
333,Mambo Kingz,2377.737984156577
332,DJ Luian,2377.737984156577
464,j-hope,2340.415595765076
129,Sean Paul,2301.9478962423386
146,Travis Scott,2024.4846556708465
478,Zé Neto & Cristiano,1912.3624848363575
350,NF,1844.4048003085095
351,Rich The Kid,1775.263170357774
575,RM,1743.5448160042388
1232,TWISTED,1657.8988089279621
760,beabadoobee,1638.2625962759437
215,XXXTENTACION,1611.8738486325317
8,Anne-Marie,1598.3553870794362
968,Mari Ferndez,1500.576027312969
639,TOMORROW X TOGETHER,1441.197581784901
1175,Luis R Conriquez,1365.1051344681996
1065,Mari Fernandez,1267.500077864643
436,Lucenzo,1173.9445038175304
545,Jessie Reyez,1149.896913387
64,JAY-Z,1080.5938913575976
76,Kendrick Lamar,1057.4770574140493
31,Daddy Yankee,1011.7187064306755
505,Lil Baby,953.0770097082464
660,DaBaby,889.1016286773387
1061,PNAU,751.7966808569408
262,Lil Yachty,747.0016504826763
180,Don Omar,708.6942872176523
1014,LISA,667.0909615871126
656,MEDUZA,562.7093761344637
58,Halsey,501.57171880092176
932,Beéle,394.01553151449866
1116,50 Cent,330.4855612710167
152,Young Thug,301.25004731793234
238,P!nk,284.7080021867439
95,Mark Ronson,280.6180233961745
515,Wesley Safadão,272.637047151551
589,MERO,256.4219990823691
977,mc jhenny,147.70322305973554
277,Camila Cabello,138.40970265962181
565,Bradley Cooper,126.41951428450865
701,Apache 207,104.31140484400044
263,Paramore,87.95110953733825
979,Emilia,84.54174122237836
716,Black Eyed Peas,82.3495397709475
1204,MC Ryan SP,63.230605439562254
513,Matheus & Kauan,52.65536005623933
119,Queen,28.89763979039
598,Whitney Houston,10.076471307956945
172,The Killers,8.599034446610704
873,Xand Avião,7.692123690003141
102,Michael Jackson,6.995243770825912
207,Journey,1.327075393437037
834,BANNERS,0.0
806,Tyla Yaweh,0.0
802,Conkarah,0.0
803,Jawsh 685,0.0
804,Nea,0.0
855,Stray Kids,0.0
854,Ashnikko,0.0
853,Ritt Momney,0.0
867,CJ,0.0
852,Quarterhead,0.0
801,Harry Nach,0.0
850,Vedo,0.0
807,Peach Tree Rascals,0.0
808,Wallows,0.0
849,Money Man,0.0
809,Curtis Waters,0.0
848,Os Barões Da Pisadinha,0.0
648,El Guincho,0.0
880,347aidan,0.0
858,MC Rogerinho,0.0
650,Nipsey Hussle,0.0
798,Alexander 23,0.0
865,HVME,0.0
864,Savage Ga$p,0.0
796,Pashanim,0.0
863,CORPSE,0.0
862,Timbaland,0.0
861,Nelly Furtado,0.0
653,Nimo,0.0
882,Nathy Peluso,0.0
857,Dilsinho,0.0
860,Los Legendarios,0.0
881,Boza,0.0
859,Clairo,0.0
652,Aloe Blacc,0.0
651,Aventura,0.0
800,Niack,0.0
811,Jay Wheeler,0.0
810,DJ Nelson,0.0
868,Octavian,0.0
847,Master KG,0.0
827,BØRNS,0.0
822,Headie One,0.0
840,Kofs,0.0
824,TATOOL,0.0
871,Angèle,0.0
839,Houari,0.0
826,Trueno,0.0
875,Niño de Elche,0.0
645,Paloma Mami,0.0
646,Tame Impala,0.0
828,Jos Esticado,0.0
866,Imanbek,0.0
831,Jone Quest,0.0
838,Elams,0.0
837,13 Organisé,0.0
832,Super Yei,0.0
835,Jerry Di,0.0
841,Naps,0.0
820,Joel Corry,0.0
874,La Húngara,0.0
815,iann dior,0.0
812,Aya kamura,0.0
846,salem ilese,0.0
845,WhoHeem,0.0
813,Jamule,0.0
844,Bea Miller,0.0
878,Alico,0.0
814,Tom Gregory,0.0
843,Soso Maness,0.0
842,Solda,0.0
877,Nuka,0.0
816,WILLOW,0.0
817,Juanfran,0.0
869,Skepta,0.0
818,Wes,0.0
647,Gaullin,0.0
870,Pink Sweat$,0.0
830,SFR,0.0
685,tha Supreme,0.0
795,Juanka,0.0
708,LEA,0.0
710,Felipe Origil,0.0
711,JS o Mão de Ouro,0.0
712,24kGoldn,0.0
713,Ezhel,0.0
714,Gambi,0.0
671,Tainy,0.0
717,Becky Hill,0.0
718,Burna Boy,0.0
669,Joyner Lucas,0.0
719,Dadá Boladão,0.0
720,OIK,0.0
721,Tati Zaqui,0.0
722,Internet Money,0.0
723,Rex Orange County,0.0
724,Arizo Zervas,0.0
725,Lexa,0.0
668,Chelsea Cutler,0.0
726,Christian Nodal,0.0
667,Jhay Cortez,0.0
727,Ant Saunders,0.0
729,Oliver Heldens,0.0
666,Duncan Laurence,0.0
730,Riton,0.0
731,Adria Proenza,0.0
732,JP Saxe,0.0
709,Rich Music LTD,0.0
672,Lil Tecca,0.0
734,Juhn,0.0
706,Regard,0.0
687,Billy Ray Cyrus,0.0
688,Dayvi,0.0
689,Kelly Ruíz,0.0
690,Victor Cardes,0.0
691,Tones And I,0.0
692,SAINt JHN,0.0
684,Like Mike,0.0
693,MadeinTYO,0.0
682,Afro Bros,0.0
694,Residente,0.0
680,Sam Feldt,0.0
696,Megan Thee Stallion,0.0
697,Saweetie,0.0
679,bbno$,0.0
698,WOS,0.0
678,Y2K,0.0
677,Jos Brothers,0.0
702,Luan Santana,0.0
703,Lil Tjay,0.0
676,Ashley O,0.0
704,Dímelo Flow,0.0
675,Blanco Brown,0.0
674,Ali Gatie,0.0
705,Lalo Ebratt,0.0
673,A Touch Of Class,0.0
733,KSI,0.0
735,Trevor Daniel,0.0
654,Guaya,0.0
767,BENEE,0.0
769,PUBLIC,0.0
770,ITZY,0.0
771,DripReport,0.0
772,A7S,0.0
686,Jeremy Zucker,0.0
773,Topic,0.0
774,Sub Urban,0.0
775,Surf Mesa,0.0
776,Rod Wave,0.0
777,Tony Igy,0.0
778,Vicetone,0.0
779,Evaluna Montaner,0.0
780,Kid Cudi,0.0
781,Sam Fischer,0.0
782,J. Rey Soul,0.0
783,THE SCOTTS,0.0
784,KEVVO,0.0
786,Snoop Dogg,0.0
787,StaySolidRocky,0.0
655,Goodboys,0.0
789,El Alfa,0.0
790,Fousheé,0.0
791,Sleepy Hallow,0.0
792,Natalie Taylor,0.0
793,S1mba,0.0
768,Gus Dapperton,0.0
657,Polo G,0.0
736,Luísa Sonza,0.0
765,Yaviah,0.0
737,AURORA,0.0
738,Gradur,0.0
739,Heuss L'enfoiré,0.0
741,SUGA,0.0
665,Zhavia Ward,0.0
742,PEDRO SAMPAIO,0.0
744,JACKBOYS,0.0
745,Pop Smoke,0.0
749,TOKYO'S REVENGE,0.0
750,Jul,0.0
751,Miksu / Macloud,0.0
884,Tarcísio do Acordeon,0.0
752,Mila,0.0
753,Thiaguinho MT,0.0
754,Surfaces,0.0
755,VIZE,0.0
757,London On Da Track,0.0
758,Powfu,0.0
663,Juju,0.0
662,Kina,0.0
661,RIN,0.0
759,Stun 4 Vegas,0.0
761,Ashe,0.0
762,G Herbo,0.0
763,Kendo Kaponi,0.0
883,Ella Henderson,0.0
21,Chance the Rapper,0.0
885,Mother Mother,0.0
1099,Kep1er,0.0
1081,Menor MC,0.0
1082,Sam Tompkins,0.0
1083,Vulgo FK,0.0
1089,Edison Lighthouse,0.0
1090,Olga Merediz,0.0
1091,Lauren Spencer Smith,0.0
1092,NIKI,0.0
6,Aminé,0.0
1094,AP Dhillon,0.0
1095,Gurinder Gill,0.0
1096,Intense,0.0
1097,Colin Hay,0.0
1098,Luude,0.0
1100,Alvaro Diaz,0.0
1079,Jnr Choi,0.0
1101,Chefin,0.0
1103,Abhir Hathi,0.0
1104,Bejo,0.0
1105,Cruz Cafuné,0.0
1106,EL IMA,0.0
1107,Juseph,0.0
1108,La Pantera,0.0
1110,Yung Lean,0.0
1111,Ryan Castro,0.0
1113,Dr. Dre,0.0
1114,Dove Cameron,0.0
1117,Dido,0.0
1119,TREASURE,0.0
1080,MC GP,0.0
1078,DJ Matt D,0.0
1124,AnnenMayKantereit,0.0
1059,Mitchell Ayres & His Orchestra,0.0
1043,JIN,0.0
1044,GAYLE,0.0
1045,The Rare Occasions,0.0
1047,George Henrique & Rodrigo,0.0
1048,Emmy Meli,0.0
1050,Vundabar,0.0
1051,SALES,0.0
1052,AX'EL,0.0
1053,B. Swanson Quartet,0.0
1054,Blake Shelton,0.0
1055,Dj Yo!,0.0
1057,Julieta Venegas,0.0
1058,Mae Muller,0.0
1060,Moliy,0.0
1076,Jessica Darrow,0.0
1062,Project Pat,0.0
1063,Dopamine,0.0
1064,Mufasa & Hypeman,0.0
1066,Adassa,0.0
1067,Bagua Records,0.0
1068,Carolina Gaitán - La Gaita,0.0
1069,Diane Guerrero,0.0
1070,Fireboy DML,0.0
1071,Gustah,0.0
1072,Mauro Castillo,0.0
1073,Rhenzy Feliz,0.0
1074,Stephanie Beatriz,0.0
1075,Xamã,0.0
1122,Tulus,0.0
1125,Giant Rooks,0.0
1041,Amaarae,0.0
3,Alan Walker,0.0
1173,Schürze,0.0
1176,YEON,0.0
1177,Lasso,0.0
1178,Dj Win,0.0
1179,MC Tairon,0.0
1180,Mc Vitin Da Igrejinha,0.0
1181,Bianca,0.0
1182,Metallica,0.0
1183,LF SYSTEM,0.0
1185,Yung Gravy,0.0
1187,Dj Chris No Beat,0.0
1188,Melody,0.0
1200,Ghost,0.0
1202,Armani White,0.0
1171,Villano Antillano,0.0
1203,Kotim,0.0
1206,Mc Paiva ZS,0.0
1207,Eliza Rose,0.0
1208,Interplanetary Criminal,0.0
1212,Oxlade,0.0
1214,Montell Fish,0.0
1216,Fran C,0.0
1217,Nickoog Clk,0.0
1218,Pablito Pesadilla,0.0
1219,Aitch,0.0
1221,Hallie Coggins,0.0
1222,Rosa Walton,0.0
1228,southstar,0.0
1172,DJ Robin,0.0
1170,Musical Youth,0.0
1126,Alejo,0.0
1144,Guns N' Roses,0.0
1127,ROBI,0.0
1128,4*TOWN (From Disney and Pixar's Turning Red),0.0
1129,Davi Kneip,0.0
1130,Dj Gabriel do Borel,0.0
1131,Finneas O'Connell,0.0
1132,Grayson Villanueva,0.0
1133,Jordan Fisher,0.0
1134,Josh Levi,0.0
1135,Mc Frog,0.0
1136,Topher Ngo,0.0
1139,Pailita,0.0
1141,DJ Biel do Furduncinho,0.0
1142,L7NNON,0.0
1145,Ali Sethi,0.0
1165,BYOR,0.0
1146,HA SUNG WOON,0.0
1147,Jessi,0.0
5,Alok,0.0
1150,Shae Gill,0.0
1152,Kevin Kaarl,0.0
1153,Polimá Westcoast,0.0
1154,Leah Kate,0.0
1155,PSY,0.0
1158,Buscabulla,0.0
4,Alessia Cara,0.0
1160,The Marías,0.0
1163,Amanda Reifer,0.0
1164,Victor Cibrian,0.0
1042,Paulo Pires,0.0
1040,Cherish,0.0
887,DJ Lucas Beat,0.0
943,Mc Davi,0.0
928,Dj GBR,0.0
929,Mc Don Juan,0.0
930,Russ Millions,0.0
931,Tion Wayne,0.0
933,Dj Guuga,0.0
934,Mainstreet,0.0
935,Majestic,0.0
936,Neo Beats,0.0
937,Gera MX,0.0
939,Surf Curse,0.0
643,FLETCHER,0.0
941,Tom Grennan,0.0
942,StarBoi3,0.0
944,Mc Pedrinho,0.0
925,Beach Bunny,0.0
945,Mr. NaisGai,0.0
946,Crissin,0.0
947,Natan & Shander,0.0
948,Totoy El Frio,0.0
949,Bella Poarch,0.0
950,sangiovanni,0.0
951,$NOT,0.0
952,Cochise,0.0
953,Luar La L,0.0
954,Matheus Fernandes,0.0
955,Justin Wellington,0.0
956,Small Jam,0.0
957,Chimbala,0.0
926,MARINA,0.0
924,Malu,0.0
960,Bo Burnham,0.0
906,Gotye,0.0
888,Fernando & Sorocaba,0.0
890,Milly,0.0
891,Sara Kays,0.0
892,Masked Wolf,0.0
893,Kawe,0.0
894,Bruno & Marrone,0.0
896,DJ Ivis,0.0
897,ATB,0.0
899,Nathan Evans,0.0
900,Giveon,0.0
901,Nightcrawlers,0.0
902,Rochy RD,0.0
903,Willow Sage Hart,0.0
907,Kimbra,0.0
923,Mariah Angeliq,0.0
908,Clinton Kane,0.0
909,Raí Saia Rodada,0.0
910,ElyOtto,0.0
911,Pooh Shiesty,0.0
912,Gym Class Heroes,0.0
913,Lit Killah,0.0
914,Maria Becerra,0.0
915,Rusherking,0.0
916,Silk Sonic,0.0
917,Tiago PZK,0.0
920,Flow La Movie,0.0
921,L-Gante,0.0
922,ROSÉ,0.0
958,Trinidad Cardona,0.0
961,Vegedream,0.0
1039,ACRAZE,0.0
1021,Prezioso,0.0
1005,Tyler Cole,0.0
1007,Calibre 50,0.0
1008,DannyLux,0.0
7,Andy Grammer,0.0
1011,Chlöe,0.0
1012,DJ PH DA SERRA,0.0
1013,Dj Lv Mdp,0.0
1015,Mc Anjim,0.0
1016,CKay,0.0
1017,$uicideboy$,0.0
1018,Skylar Grey,0.0
1019,Gabry Ponte,0.0
1020,LUM!X,0.0
1023,girl in red,0.0
1003,zzoilo,0.0
1024,MKTO,0.0
1025,Avine Vinny,0.0
1026,Ivan Cornejo,0.0
1027,DJ Patrick Muniz,0.0
1028,Dj Olliver,0.0
1029,Mc Topre,0.0
1030,Jaymes Young,0.0
1032,George Michael,0.0
1033,Felipe Amorim,0.0
1034,BoyWithUke,0.0
1035,Siouxxie,0.0
1037,Swedish House Mafia,0.0
1038,Benson Boone,0.0
1004,THE ANXIETY,0.0
999,John Amplificado,0.0
962,BLANCO,0.0
978,Vitor Ferndes,0.0
963,MC Rick,0.0
964,MC Zaquin,0.0
965,MYA,0.0
966,BANDIDO,0.0
967,Chase Atlantic,0.0
969,João Gomes,0.0
970,Sarah Cothran,0.0
971,Marc Seguí,0.0
972,Pol Granch,0.0
973,Shouse,0.0
974,Jamie Miller,0.0
975,dhruv,0.0
976,Dave,0.0
980,Ingratax,0.0
998,Jasleen Royal,0.0
981,Smiley,0.0
982,Walker Hayes,0.0
983,Blxst,0.0
986,Marcynho Sensação,0.0
987,LIT killah,0.0
988,Montez,0.0
990,Sefo,0.0
992,Tai Verdes,0.0
993,Asees Kaur,0.0
994,Jubin utiyal,0.0
995,Tanishk Bagchi,0.0
996,A-Wall,0.0
997,B Praak,0.0
940,Baby Keem,0.0
635,Aaron Smith,0.0
642,Luy,0.0
15,Bruno Martini,0.0
261,A Boogie Wit da Hoodie,0.0
265,Playboi Carti,0.0
266,Fall Out Boy,0.0
268,Juicy J,0.0
269,William Singe,0.0
270,Fleetwood Mac,0.0
16,CNCO,0.0
272,Alex Aiono,0.0
273,Felix Jaehn,0.0
274,Hight,0.0
275,Ofenbach,0.0
278,Gavin James,0.0
279,Liam Payne,0.0
281,Shawn Hook,0.0
257,blackbear,0.0
282,Vanessa Hudgens,0.0
283,I Wroldsen,0.0
284,Rita Ora,0.0
285,Troye Sivan,0.0
287,Jowell & Randy,0.0
288,Ella Eyre,0.0
289,ItaloBrothers,0.0
13,Bipolar Sunshine,0.0
291,Sigala,0.0
293,Trey Songz,0.0
294,Ty Dolla $ign,0.0
295,Offset,0.0
296,Moon Taxi,0.0
258,French Montana,0.0
256,Jhené Aiko,0.0
299,Maren Morris,0.0
236,cho,0.0
221,Danny Ocean,0.0
223,V,0.0
224,Bag Raiders,0.0
226,Jason Derulo,0.0
227,Stormzy,0.0
228,MC Kevinho,0.0
229,Shaggy,0.0
230,Ayo & Teo,0.0
231,MAX,0.0
232,Morat,0.0
233,Lorde,0.0
234,Gryffin,0.0
235,ILLENIUM,0.0
237,Astrid S,0.0
254,Florida Georgia Line,0.0
239,Pitbull,0.0
241,MNEK,0.0
242,2 Chainz,0.0
243,Black Coffee,0.0
244,Chuck Berry,0.0
245,Giggs,0.0
246,Jorja Smith,0.0
247,Sampha,0.0
249,Prince Royce,0.0
250,Logic,0.0
251,Maggie Lindemann,0.0
252,Arcangel,0.0
253,Chris Jedi,0.0
298,Willy William,0.0
300,Thomas Rhett,0.0
217,Marian Hill,0.0
359,N.E.R.D,0.0
344,Quintino,0.0
345,R3HAB,0.0
346,Wind & Fire,0.0
347,Justin Jesso,0.0
348,Stefflon Don,0.0
349,Kane Brown,0.0
352,Big Shaq,0.0
353,Bausa,0.0
354,Daya,0.0
355,De La Ghetto,0.0
356,Digital Farm Animals,0.0
357,Dalmata,0.0
358,AC/DC,0.0
360,Afrojack,0.0
342,A$AP Ferg,0.0
361,Nego do Borel,0.0
362,Lil Xan,0.0
363,Bastille,0.0
364,Famous Dex,0.0
365,Mariah Carey,0.0
366,6ix9ine,0.0
367,Lil Peep,0.0
368,Diplo,0.0
369,Wham!,0.0
370,YBN hmir,0.0
371,Jason Mraz,0.0
372,Andy Williams,0.0
373,Brenda Lee,0.0
343,Earth,0.0
341,Jesse & Joy,0.0
301,Kesha,0.0
319,Dimitri Vegas & Like Mike,0.0
302,Jennifer Lopez,0.0
303,C. Tanganana,0.0
304,LANY,0.0
305,Demi Lovato,0.0
306,Portugal. The Man,0.0
307,The Script,0.0
309,Bonez MC,0.0
310,Gzuz,0.0
312,Cash Cash,0.0
314,Yo Gotti,0.0
316,Maite Perroni,0.0
317,Charli XCX,0.0
318,Dimitri Vegas,0.0
320,Poo Bear,0.0
340,Joey Monta,0.0
321,Cardi B,0.0
322,Abraham Mateo,0.0
323,Christian Daniel,0.0
641,Gaby Music,0.0
325,6LACK,0.0
326,Rvssian,0.0
12,Big Sean,0.0
330,Sandro Cavazza,0.0
335,Alex Sensation,0.0
336,Tay-K,0.0
337,Kelly Clarkson,0.0
338,Lil Pump,0.0
339,Natti Natasha,0.0
219,The Goo Goo Dolls,0.0
213,Danelle Sandoval,0.0
375,Band Aid,0.0
90,Machine Gun Kelly,0.0
70,Jos Blue,0.0
72,Justin Timberlake,0.0
73,KREAM,0.0
74,KYLE,0.0
77,Kiiara,0.0
78,Kris Kross Amsterdam,0.0
79,Kungs,0.0
80,Kygo,0.0
85,Little Mix,0.0
86,Louis Tomlinson,0.0
87,Lukas Graham,0.0
88,Luke Christopher,0.0
89,MC G15,0.0
92,Major Lazer,0.0
67,James Bay,0.0
94,Mark Morrison,0.0
97,Martin Garrix,0.0
98,Martin Jensen,0.0
99,Matoma,0.0
101,MiC LOWRY,0.0
103,Migos,0.0
104,Mike Perry,0.0
105,Mike Posner,0.0
106,MØ,0.0
107,NEIKED,0.0
108,Nevada,0.0
112,Noah Cyrus,0.0
114,Petit Biscuit,0.0
69,Jon Bellion,0.0
65,JP Cooper,0.0
116,Phoebe Ryan,0.0
20,Cashmere Cat,0.0
23,Charly Black,0.0
24,Cheat Codes,0.0
25,Childish Gambino,0.0
26,Chino & Nacho,0.0
27,Clean Bandit,0.0
29,DJ Snake,0.0
30,DNCE,0.0
33,Dakota,0.0
34,Dante Klein,0.0
36,Desiigner,0.0
39,Dyo,0.0
41,El Chacal,0.0
42,Emily Warren,0.0
44,Enrique Iglesias,0.0
61,IAmChino,0.0
45,FRENSHIP,0.0
47,Fetty Wap,0.0
48,Fifth Harmony,0.0
49,Flo Rida,0.0
50,Flume,0.0
52,G-Eazy,0.0
53,Galantis,0.0
54,Gente De Zona,0.0
55,Grey,0.0
56,Gucci Mane,0.0
57,Hailee Steinfeld,0.0
59,Hearts & Colors,0.0
60,Hook N Sling,0.0
115,Pharrell Williams,0.0
117,Piso 21,0.0
212,Burak Yeter,0.0
190,Julia Michaels,0.0
173,99 Percent,0.0
174,Isaiah Firebrace,0.0
177,Rudimental,0.0
178,Skehips,0.0
179,Tyga,0.0
181,Jax Jones,0.0
182,A R I Z O N A,0.0
184,Lauv,0.0
185,Luis Fonsi,0.0
186,Olivia Holt,0.0
187,Stanaj,0.0
188,Emma Stone,0.0
189,Ryan Gosling,0.0
191,PnB Rock,0.0
167,Mura Masa,0.0
192,Oasis,0.0
193,John Mayer,0.0
197,PARTYNEXTDOOR,0.0
198,James Blunt,0.0
199,Cali Y El Dandee,0.0
200,Cosculluela,0.0
204,Sam Hunt,0.0
205,Aaron Carter,0.0
206,Alesso,0.0
208,Axwell /\ Ingrosso,0.0
209,Katy Perry,0.0
210,Kid Ink,0.0
211,Skip Marley,0.0
169,Passenger,0.0
166,Milky Chance,0.0
121,Rae Sremmurd,0.0
147,Twenty One Pilots,0.0
122,Rag'n'Bone Man,0.0
123,Ricky Martin,0.0
125,Rob $tone,0.0
127,Sage The Gemini,0.0
128,San Holo,0.0
19,Carlos Vives,0.0
133,Shelley FKA DRAM,0.0
136,Sky Rompiendo,0.0
137,Starley,0.0
139,Stevie Wonder,0.0
141,Thalia,0.0
143,The Jackson 5,0.0
144,The Vamps,0.0
148,Vice,0.0
163,DVBBS,0.0
149,Wisin,0.0
150,WizKid,0.0
151,XYLØ,0.0
153,ZAYN,0.0
154,Zara Larsson,0.0
155,Zay Hilfigerrr,0.0
156,Zayion McCall,0.0
157,Zedd,0.0
158,Zeeba,0.0
159,Zion & Lennox,0.0
160,gnash,0.0
161,kai,0.0
162,CMC$,0.0
374,Michael Bublé,0.0
324,Pabllo Vittar,0.0
625,YUNGBLUD,0.0
516,The 1975,0.0
502,Alvaro Soler,0.0
608,Mustard,0.0
506,Dzeko,0.0
507,Preme,0.0
508,Brando,0.0
509,Brytiago,0.0
510,Loud Luxury,0.0
511,Era Istrefi,0.0
512,Will Smith,0.0
607,Georgia Ku,0.0
514,DJ SpinKing,0.0
606,Captain Cuts,0.0
500,Jess Glynne,0.0
605,Shindy,0.0
517,Jack & Jack,0.0
518,Summer Cem,0.0
519,Louis The Child,0.0
522,Ella Mai,0.0
604,Micro TDH,0.0
523,Ski Mask The Slump God,0.0
603,Kehlani,0.0
524,The Carters,0.0
525,PNL,0.0
526,Alec Benjamin,0.0
501,LSD,0.0
499,Fedez,0.0
528,Gigi D'Agostino,0.0
612,Dominic Fike,0.0
473,Paulo Londra,0.0
474,Panic! At The Disco,0.0
475,Dan + Shay,0.0
476,Madison Beer,0.0
582,Jaira Burns,0.0
481,NOTD,0.0
483,Casper Magico,0.0
484,Darell,0.0
613,Mabel,0.0
486,Nio Garcia,0.0
487,Noriel,0.0
488,Paloma Faith,0.0
498,Lenny Tavárez,0.0
489,Lary Over,0.0
490,Luis Figueroa,0.0
611,Snow,0.0
610,Shirin David,0.0
609,Blueface,0.0
492,Dagny,0.0
493,Seeb,0.0
494,Banx & Ranx,0.0
495,Capital Bra,0.0
496,Mason Ramsey,0.0
497,Ufo361,0.0
527,Dynoro,0.0
601,SHAED,0.0
470,Cazzu,0.0
567,Swizz Beatz,0.0
559,Mozzik,0.0
591,Liz Gillies,0.0
561,Avril Lavigne,0.0
562,BROCKHAMPTON,0.0
563,SCH,0.0
590,Brett Eldredge,0.0
587,Samra,0.0
564,Ava Max,0.0
586,JENNIE,0.0
566,Sophia Somajo,0.0
585,Pedro Capó,0.0
568,Anderson .Paak,0.0
556,Gun,0.0
569,Bobby Shmurda,0.0
570,Lennon Stella,0.0
571,Bryant Myers,0.0
572,Kevin Roldan,0.0
573,Marc Anthony,0.0
574,KitschKrieg,0.0
576,Felipe Araújo,0.0
577,Ferrugem,0.0
578,Normani,0.0
584,Camilo,0.0
583,K/DA,0.0
558,Loreda,0.0
592,Roddy Ricch,0.0
530,Meek Mill,0.0
540,Tomine Harket,0.0
376,Frank Sinatra,0.0
531,benny blanco,0.0
532,Alex Rose,0.0
600,MC Kevin o Chris,0.0
597,Kelsea Ballerini,0.0
596,Haze,0.0
536,Zion,0.0
595,Winona Oak,0.0
538,Au/Ra,0.0
594,H.E.R.,0.0
539,The Boy Next Door,0.0
541,Mac Miller,0.0
555,Flipp Dinero,0.0
542,Smokepurpp,0.0
543,Sheck Wes,0.0
544,Armin van Buuren,0.0
546,Young Stoner Life,0.0
547,Lele Pons,0.0
593,Murda Beatz,0.0
550,Bryce Vine,0.0
551,Why Don't We,0.0
552,"Royce Da 5'9""",0.0
553,Lil Mosey,0.0
554,Silk City,0.0
472,KHEA,0.0
614,The Rudeboyz,0.0
469,Lil Dicky,0.0
631,Tropkillaz,0.0
402,Daryl Hall & John Oates,0.0
403,Kylie Minogue,0.0
405,Drew Love,0.0
406,Juan Magán,0.0
407,MC Fioti,0.0
408,Bobby Helms,0.0
409,Maejor,0.0
410,Mc Zaac,0.0
630,Ninho,0.0
411,Wolfine,0.0
629,Dermot Kennedy,0.0
412,Huncho Jack,0.0
413,Takeoff,0.0
628,Rafa Pabön,0.0
414,The Beach Boys,0.0
415,The Ronettes,0.0
416,*NSYNC,0.0
417,Boney M.,0.0
418,Bruce Springsteen,0.0
419,Gwen Stefani,0.0
420,Idina Menzel,0.0
468,King Princess,0.0
421,Leo Lewis,0.0
422,Darlene Love,0.0
626,Amezzy,0.0
400,Britney Spears,0.0
398,Henri Rene & His Orchestra,0.0
424,Eagles,0.0
632,Calboy,0.0
377,Bing Crosby,0.0
378,John Lennon,0.0
10,BIA,0.0
379,John Scott Trotter & His Orchestra,0.0
380,José Feliciano,0.0
381,Ken Darby Singers,0.0
382,The Harlem Community Choir,0.0
636,Dalex,0.0
383,The Plastic Ono Band,0.0
384,Yoko Ono,0.0
634,Jonas Brothers,0.0
385,Chris Rea,0.0
386,Paul McCartney,0.0
387,Shakin' Stevens,0.0
388,The Pogues,0.0
389,Burl Ives,0.0
390,Elvis Presley,0.0
633,Summer Walker,0.0
391,John Williams,0.0
392,Mykola Dmytrovych Leontovych,0.0
393,Nat King Cole,0.0
394,Pentatonix,0.0
395,Perry Como,0.0
396,The Fontane Sisters,0.0
397,Eartha Kitt,0.0
423,Dean Martin,0.0
580,David Bowie,0.0
448,Bazzi,0.0
445,Jeon,0.0
618,Mahmood,0.0
624,Valerie Broussard,0.0
425,Frank Sitra,0.0
449,Almighty,0.0
450,CHVRCHES,0.0
623,KC Rebell,0.0
622,ChocQuibTown,0.0
465,Years & Years,0.0
451,Red Velvet,0.0
452,BlocBoy JB,0.0
453,SOB X RBE,0.0
454,ScHoolboy Q,0.0
621,YNW Melly,0.0
455,Sofía Reyes,0.0
456,Reik,0.0
457,Tom Walker,0.0
458,5 Seconds of Summer,0.0
459,Brooks,0.0
461,Leslie Grace,0.0
462,Mau y Ricky,0.0
463,Slim Jxmmi,0.0
619,Alicia Keys,0.0
617,Loote,0.0
616,Eno,0.0
446,Ramz,0.0
433,Zac Efron,0.0
430,Belinda,0.0
429,B-Case,0.0
432,Snova,0.0
1,AJR,0.0
615,Disclosure,0.0
444,BloodPop®,0.0
428,Quality Control,0.0
434,Zendaya,0.0
435,Hugh Jackman,0.0
437,TOTO,0.0
438,Loren Allred,0.0
439,Michelle Williams,0.0
440,Ziv Zaifman,0.0
441,Daniel Everidge,0.0
467,Dennis Lloyd,0.0
427,Tony Bennett,0.0
442,Lil Skies,0.0
426,George Ezra,0.0
431,Keala Settle,0.0
485,Jorge & Mateus,-0.3355952154018076
895,Diego & Victor Hugo,-3.0786772791894776
466,YoungBoy Never Broke Again,-3.448996660492737
138,Steve Aoki,-7.9814278049751834
260,Lord Huron,-11.630669536191846
168,Nate Dogg,-20.6194677759062
1174,La Adictiva,-22.634600169839743
447,Sfera Ebbasta,-30.010836086097918
176,A$AP Rocky,-63.0169443851243
311,RAF Camora,-72.2721953036679
195,Quavo,-74.27562759590391
220,DJ Khaled,-96.0974764334934
142,The Chainsmokers,-125.13768912960313
81,Kyla,-156.24083927327823
84,Lil Wayne,-186.0456246859634
549,Bring Me The Horizon,-248.57768747045114
1161,Tony Dize,-280.6013142323951
401,Elton John,-290.8216034991591
1123,Yeat,-329.7166425128435
898,Hugo & Guilherme,-342.2809796186703
785,Lyanno,-344.1448266252006
1246,Dj LK da Escócia,-351.86369299590547
1248,Tchakabum,-351.86369299590547
1247,Mc RF,-351.86369299590547
17,Calum Scott,-473.6414890461183
479,YG,-500.9375678305814
1022,Teto,-522.6591695569015
746,Guilherme & Benuto,-558.1927648569299
132,Shawn Mendes,-583.7623633781221
46,Farruko,-608.9605237708467
658,TWICE,-635.4885678746126
68,John Legend,-646.0744524792148
579,Luciano,-728.0173647376002
399,Trippie Redd,-829.7485718463238
764,Mora,-923.188818573315
135,Skrillex,-949.8869393927793
1229,Kenshi Yonezu,-1084.4624702922672
164,Hozier,-1167.7251628250915
1192,Arijit Singh,-1209.41636331271
1239,Freddie Dredd,-1344.1968712697653
747,Gusttavo Lima,-1679.8658492414238
599,Henrique & Juliano,-1722.9494818977867
904,Mc Danny,-1737.9010274633235
1184,Cigarettes After Sex,-1836.9603420716055
889,Zé Felipe,-1903.6685368402054
1168,James Hype,-1945.7008412306695
1169,Miggy Dela Rosa,-1945.7008412306695
1224,Standly,-2045.5246596611855
1225,Stars Music Chile,-2045.5246596611855
331,Wiz Khalifa,-2065.2979080486575
856,Maiara & Maraisa,-2103.463153915189
111,Nicky Jam,-2361.613264494564
1191,Amitabh Bhattacharya,-2413.2193161703117
1193,Pritam,-2413.2193161703117
14,Bruno Mars,-2428.581362091221
1006,Oliver Tree,-2562.769896545713
819,Tate McRae,-2688.069794064291
620,The Police,-2840.631621100097
315,Becky G,-2901.7021633397253
62,J Balvin,-2934.428557528665
259,Swae Lee,-2980.3525819280967
1194,Seafret,-3102.402459520556
1151,dazy,-3180.668188455933
1149,Nicky Youre,-3180.668188455933
1156,Tems,-3455.6808960346475
1235,DJ ESCOBAR,-3643.9712196968176
1237,MC MENOR SG,-3643.9712196968176
1236,MC MENOR HR,-3643.9712196968176
529,Justin Quiles,-3666.1794457747824
743,Conan Gray,-3798.419378032457
1000,Lost Frequencies,-4160.8946732937075
1226,Gustavo Mioto,-4310.413531936317
659,Lizzo,-4346.103461892679
1002,L.V.,-4666.2665088071
1001,Coolio,-4666.2665088071
681,Daniel Caesar,-4741.436724788523
196,Anuel AA,-5173.23253894056
534,Elley Duhé,-5476.331182900049
537,Aitana,-5702.075784216317
1241,Bellakath,-5781.607448931716
1143,Mr.Kitty,-5939.730905580611
1245,Mert Demir,-5997.278727893949
1244,Mabel Matiz,-5997.278727893949
836,The Neighbourhood,-6340.390179367951
919,Måneskin,-6738.249322613077
1227,Baby Rasta,-6841.417368896289
1233,Aerosmith,-7545.774453398281
96,Maroon 5,-7580.812228381237
504,Juice WRLD,-8251.722331379577
1215,Omar Apollo,-8664.919976146908
1197,NewJeans,-9006.141335371738
328,Avicii,-9477.136653116837
202,Kodak Black,-10654.971354947193
240,Frank Ocean,-10803.131822154697
748,Olivia Rodrigo,-10832.869082308529
40,Ed Sheeran,-10946.848142788418
183,Tiësto,-11173.575380931634
1198,Ovy On The Drums,-11361.704551710964
82,Labrinth,-11624.44439995689
1056,JID,-11629.843073700291
93,Maluma,-11868.72059881655
1223,Dina Rae,-12620.91201499859
1166,Kate Bush,-12722.716531364204
75,Kanye West,-12750.51995842453
1230,Hotel Ugly,-13014.255925036628
22,Charlie Puth,-13550.817277220154
1190,Rosa Linn,-13759.523682714042
1031,The Walters,-14252.724176337986
985,Rels B,-14344.419148511952
533,Rauw Alejandro,-14421.87967128411
627,Chencho Corleone,-14529.159512811504
1157,LE SSERAFIM,-15435.060831708677
1189,Rema,-17156.150718197547
872,Jhayco,-17882.473437477434
130,Sebastian Yatra,-20242.445999176016
640,Lil Nas X,-20876.89572276043
886,Nirvana,-20883.552375433657
1213,Zach Bryan,-22958.413637720965
1196,Kordhell,-23083.61473392326
1199,Beach Weather,-24072.461439403727
1162,Stephen Sanchez,-26012.156368236094
491,Billie Eilish,-26130.197633174525
1115,Jung Kook,-27877.721649604406
1209,Fujii Kaze,-31936.83461939114
38,Dua Lipa,-32002.32414208092
216,BTS,-33395.88621647147
1242,INTERWORLD,-34302.959769703804
1231,ThxSoMch,-34637.46115842001
2,Adele,-37584.8389094987
991,Steve Lacy,-42576.15872799489
756,Jack Harlow,-46129.03265667999
728,Doja Cat,-53940.1960537541
1240,King,-78762.87591118478
1109,Quevedo,-137311.71371547057
