Artist,Total Points (2024)
Peso Pluma,4684.500041
The Weeknd,4176.843636
Taylor Swift,4142.850473
Feid,3906.162076
Bad Bunny,3428.76457
Grupo Frontera,2560.500019
Olivia Rodrigo,2069.244652
Eminem,1935.696643
Michael Bublé,1774.000024
SZA,1727.094105
Arctic Monkeys,1655.526149
21 Savage,1637.184235
Fuerza Regida,1598.000008
Natanael Cano,1588.500072
Junior H,1584.500003
Willy William,1398.046835
WILLOW,1356
KAROL G,1354.134734
Drake,1287.423574
Jhay Cortez,1256.66326
Nat King Cole,1177.500094
d4vd,1146.500074
Jimin,1132.500016
Ed Sheeran,1115.137635
Metro Boomin,1088.654621
Imagine Dragons,1075.282515
NewJeans,1069.000117
Coldplay,1068.8029
Chris Brown,1055.082807
Mariah Carey,1051.00007
Doja Cat,1030.33375
Manuel Turizo,1030.316162
Stephen Sanchez,1029
KIDS SEE GHOSTS,1012.500056
Joel Corry,1009.647119
Bing Crosby,963.000007
Coi Leray,946.0000245
Perry Como,936.000042
Lana Del Rey,919.1949125
The Fontane Sisters,912.000036
Skylar Grey,868.000002
Saweetie,841
Bizarrap,835.7950835
Calvin Harris,831.982452
BTS,818.1164135
Beyoncé,814.9828301
BLACKPINK,804.293335
OneRepublic,795.3393502
Ice Spice,795.000036
Rema,790.0000715
Mitchell Ayres & His Orchestra,773.0000075
Chuck Berry,744.0000025
FIFTY FIFTY,735.5000237
Dean Martin,716.000018
A Castela,707.0000475
Kelly Clarkson,707.0000035
Post Malone,705.8746987
Elton John,691.2300166
Shakira,689.5454006
Arcángel,673.000013
Em Beihold,672.5000032
Jay Rock,661.75362
6ix9ine,655.3820578
Miley Cyrus,649.9227721
Tears For Fears,647
Kim Petras,645.5000097
Joji,644.5846805
Morgan Wallen,638.6495371
070 Shake,628.0000075
Myke Towers,626.3913889
Wham!,626.0000455
Wizkid,622
Juice WRLD,618.7624161
Dalex,607.9716571
Juanka,607.000044
Andy Williams,604.0000245
Brenda Lee,601.0000245
Gwen Stefani,599.000006
Rosa Linn,592.5000682
Ariana Grande,590.7375061
Frank Sitra,586.000014
HVME,581
PinkPantheress,578.0000165
Blessd,577.000033
"Tyler, The Creator",573.993776
Cigarettes After Sex,571.000078
Kate Bush,568.000011
Migrantes,564.5000137
Steve Lacy,563.1126393
José Feliciano,561.0000035
Carin Leon,557.5000022
Gabito Ballesteros,555.0000455
New West,554.0000045
Taiu,548.000025
JVKE,547
Baby Keem,545.0000035
INTERWORLD,544.5000067
Hugh Jackman,541.5000017
Aya kamura,535.00001
James Blunt,534.5000027
Kanye West,534.22961
Frank Sinatra,534.0000175
Blake Shelton,534.000006
The Ronettes,532.000012
Yoko Ono,532.000007
John Lennon,532.000007
Kina,531.7286597
ILLENIUM,530.5000032
John Scott Trotter & His Orchestra,530.000007
Ken Darby Singers,530.000007
Bobby Helms,529.5000292
Snoop Dogg,527.000033
C. Tanganana,527.0000035
CKay,526.000156
Ana Castela,525.000015
Lil Uzi Vert,524.1416844
zzoilo,523
Band Aid,514.000021
Nico Valdi,514.000007
LiL CaKe,514.000007
Surf Mesa,510.0000175
benny blanco,509.7801148
Justin Bieber,509.5848585
Famous Dex,509.00006
Jorja Smith,508.5000292
Bomba Estéreo,508.0576988
Chino Pacas,508.0000255
Ozuna,504.8540353
Keane,504.5000522
Hotel Ugly,501.00002
Luar La L,500.5000017
The xx,499.5000277
ROSALÍA,499.2475978
Yng Lvcas,499.000027
Giggs,499.000026
Luke Combs,498.0000065
El Guincho,497.0000105
LE SSERAFIM,490.0000715
Milo j,486.0000075
The Beach Boys,485.000016
Calboy,484.000007
Zac Efron,483.5000082
Nicky Youre,476
dazy,476
AgroPlay,474.0000165
MACHETE,472.5000262
Moon Taxi,472.0000075
Libianca,471.5000367
Jaymes Young,468.5000617
Darlene Love,468.0000055
Jhayco,467.8475827
Conkarah,467.5000237
Nile Rodgers,467.000003
Lizzy McAlpine,466.0000225
JISOO,466.0000025
Tyga,463.9888281
Lyanno,463.4419979
Eladio Carrion,463.000036
Yahritza Y Su Esencia,462.000009
Gente De Zona,462.000002
The Carters,461.5000162
Eslabon Armado,461.000065
Ofenbach,459.8225584
ArizonaTears,458.5000187
Macklemore & Ryan Lewis,457.6921051
Jason Derulo,455.7827919
Selena Gomez,454.6432426
Big One,453.5000037
David Guetta,453.1360116
Lalo Ebratt,453.00005
99 Percent,450.000035
Young Miko,448.5000162
Sandro Cavazza,448.5000027
The Plastic Ono Band,446.000004
The Harlem Community Choir,446.000004
a-ha,445.3454544
Dina Rae,444.5000027
David Kushner,443.0000075
Future,440.3839931
Nio Garcia,438.1267766
Polimá Westcoast,438.000015
Lewis Capaldi,436.2485879
Anggi Marito,434.000001
Regard,433.9490734
Oscar Maydon,432.000035
TATOOL,431.000015
PNAU,430.6922341
Burl Ives,430.5000877
Aventura,430.5000032
Louis The Child,430.00002
Khalid,429.3440184
Bruno Mars,428.125617
Pink Sweat$,428.0000075
Jnr Choi,425.5000017
Sam Tompkins,425.5000017
Sabrina Carpenter,424.3284758
The Neighbourhood,421.4650969
Guaya,421.000035
Guns N' Roses,421.000027
Almighty,420.000027
YOASOBI,420.000015
Tion Wayne,419.000024
Russ Millions,419.000024
Trinidad Cardona,418.0000275
Melanie Martinez,418.000013
Raim Laode,417.000015
Quality Control,417.000002
Jul,417.0000015
Justin Jesso,416.0000225
Whitney Houston,414.3912672
Shakin' Stevens,413.000057
FMK,413.000022
Ke Personajes,413.000022
Jesse & Joy,412.5000262
BANDIDO,410.5000087
Sofía Reyes,410.000035
Jos Brothers,410.00003
Amezzy,408.000015
BANNERS,404.000035
Ella Mai,404.000028
Jos Blue,403.7801598
Flow La Movie,402.5000332
Lorde,402.0001505
Chencho Corleone,401.0465867
Huncho Jack,401.000049
Lil Durk,401.0000035
Felix Jaehn,398.000002
Chelsea Cutler,397.000008
Bellakath,396.0000075
Skrillex,396
Curtis Waters,394.5000192
Matuê,393.0000225
Jeon,393.0000195
TV Girl,392.00002
Isaiah Firebrace,388.5000362
NEIKED,387.0001085
Buscabulla,387.0000455
MAX,386.5000082
Kyla,386.1858081
Ghost,385.000027
Gabry Ponte,384.000034
Prezioso,384.000034
LUM!X,384.000034
Elams,384.0000175
Solda,384.0000175
Houari,384.0000175
Kofs,384.0000175
13 Organisé,384.0000175
William Singe,383.5000747
B. Swanson Quartet,383.0000075
dhruv,382.0000405
Becky G,380.9649676
Noriel,380.000011
The Jackson 5,379.5000032
Oxlade,379.000026
Keala Settle,378.5000097
GAYLE,377.000065
ITZY,377.000055
Tory Lanez,376.8739983
Paul McCartney,376.0000845
Dove Cameron,376.000045
Moliy,376.0000125
Tom Grennan,373.5000017
Sophia Somajo,373.5000012
Ovy On The Drums,373.0000025
Sam Smith,372.6600717
Chris Rea,372.0000845
Gurinder Gill,371.5000262
AP Dhillon,371.5000262
Intense,371.5000262
Astrid S,371.5000062
Luke Christopher,370.5000387
Wolfine,370.000027
George Michael,370.000005
Billy Ray Cyrus,370
Megan Thee Stallion,369.235953
Snova,369.0000035
B-Case,369.0000035
Belinda,369.0000035
Gavin James,368.0000165
Cochise,368.000006
Romeo Santos,367.7153274
Kali Uchis,367.5815849
Ingratax,367.0000175
Rochy RD,364.5000297
Dante Klein,364.5000202
Mae Muller,363.000018
J. Cole,362.653877
Amaarae,361.000045
Stephanie Beatriz,361.000012
PARTYNEXTDOOR,361.000006
Freddie Dredd,360.5000212
Dj Win,359.000001
MC Tairon,359.000001
Mc Vitin Da Igrejinha,359.000001
Marshmello,357.7776962
YBN hmir,357.000018
Clinton Kane,355.5000017
Kelsea Ballerini,355.000022
Labrinth,354.2469029
Reik,354.2437027
Tems,353.0000065
Winona Oak,352.000005
Shawn Hook,351.5000062
Vanessa Hudgens,351.5000062
Dzeko,351.000042
Preme,351.000042
Montez,351.0000195
Brooks,351.000018
L.V.,350.4867109
Coolio,350.4867109
Lauren Spencer Smith,349.5000472
JS o Mão de Ouro,349.000004
Lil Tjay,348.6895208
Tom Odell,347.9053656
Nathy Peluso,347.0000375
Daft Punk,346.8999459
PUBLIC,343.000033
Vedo,343.0000275
Axwell /\ Ingrosso,342.2038435
Florida Georgia Line,342.0000075
Tyler Cole,341.5000027
THE ANXIETY,341.5000027
AURORA,340.000022
Florence + The Machine,338.000002
MiC LOWRY,337.5000187
Lil Pump,336.9949087
Lizzo,334.082113
Lil Skies,333.0000945
NOTD,332.000048
MC MENOR HR,331.000025
MC MENOR SG,331.000025
DJ ESCOBAR,331.000025
Madison Beer,330.5701741
DVBBS,330.00003
Mura Masa,330.00003
CMC$,330.00003
Hearts & Colors,329.000031
Hook N Sling,329.000031
Pablo Chill-E,329.000001
Adele,328.4120413
Ramz,326.000021
Portugal. The Man,325.1192474
CJ,325.000021
Desiigner,323.5000697
Justin Quiles,323.2324179
Milly,321.5000367
Smiley,321.000009
Agust D,320.5000312
Cartel De Santa,319.5000337
La Kelly,319.5000337
Bo Burnham,318.5000112
Lucenzo,318.5000027
Gesaffelstein,316.4540965
Glass Animals,316.3442563
Musical Youth,316.000029
Ak4:20,314.000001
Dennis Lloyd,312.000065
Soso Maness,312.000021
Young M.A,310.5000172
Maria Becerra,310.4011312
Swae Lee,310.2214094
Lele Pons,310.0000455
Why Don't We,310.000012
Vishal-Shekhar,310.0000025
Vishal Dadlani,310.0000025
Shekhar Ravjiani,310.0000025
Kumaar,310.0000025
Nego do Borel,308.000063
Mr.Kitty,307.5000422
Jowell & Randy,307.1176652
Maggie Lindemann,307.000091
Bag Raiders,306.000009
Pabllo Vittar,306.000003
Chase Atlantic,306.0000015
TWICE,305.3596575
Alex Sensation,305.0000165
Rich Brian,302.5000012
Panic! At The Disco,301.4321963
Kendo Kaponi,301.000002
Bruno Martini,300.0000775
Zeeba,300.0000775
BENEE,300.00007
Linkin Park,299.5362703
Elvis Presley,299.000072
Loreen,299.000001
Residente,298.000012
Captain Cuts,297.000018
Georgia Ku,297.000018
Radiohead,297.0000165
Ryan Castro,297.0000125
RAYE,296.4203201
Gus Dapperton,296.00007
BIA,295.5001007
ChocQuibTown,295.0000175
Rosa Walton,294.000006
Hallie Coggins,294.000006
Don Toliver,293.8334549
Lil Nas X,293.6110747
Cashmere Cat,293.0000775
Joey Monta,293.0000425
Octavian,293.000007
HA SUNG WOON,293.000007
Skepta,293.000007
Roddy Ricch,292.5687839
Julia Michaels,292.5151222
Alvaro Diaz,292.0000175
Sia,291.6210109
Kordhell,291.0000605
Kaifi Khalil,290.000025
Yung Lean,289.0000075
Daniel Caesar,289.000007
Duki,286.5977812
L-Gante,286.00004
JACKBOYS,285.000069
Stanaj,285.0000225
King,285.000021
Quavo,284.0798079
San Holo,284.000031
Snow Tha Product,284.000001
Realestk,283.5000157
Fuego,283.5000157
Lean Trap,283.5000157
Matt Terry,283.5000157
Hippie Sabotage,283.5000157
Static Major,283.000002
Sidhu Moose Wala,283.000002
Hugo & Guilherme,281.5058733
Travis Scott,281.4443792
Ashe,281.000015
Cherish,281.000007
ACRAZE,281.000007
Lexie Liu,281.000004
Ñengo Flow,279.2924686
Victor Cardes,279.000016
Rihanna,278.9944831
Marian Hill,277.00002
Dua Lipa,276.5702342
Diane Guerrero,276.000012
The Police,275.4113138
Trueno,275.00003
K/DA,273.5000402
Totoy El Frio,273.000044
Natan & Shander,273.000044
Crissin,273.000044
Kenshi Yonezu,273.00003
N.E.R.D,272.0000435
Dalmata,272.000009
Nate Dogg,271.9588334
Silk City,270.5000562
Adria Proenza,270.0000225
Youjeen,270.000015
Jon Z,270.000015
Kali,270.000015
Cali Y El Dandee,269.5000027
Vance Joy,269.3703132
MadeinTYO,269.000009
Joker Bra,269.000001
Mac Miller,268.0000225
CNCO,267.6623069
Dj Kass,267.000003
Fujii Kaze,265.5000607
Hailee Steinfeld,264.325572
Pailita,264.0000025
Stray Kids,263.00001
Aitch,262.000008
Dagny,259.000011
DJ Ivis,259.000009
Luis R Conriquez,259.000003
A$AP Ferg,258.0000455
Villano Antillano,258.000033
Julieta Venegas,257.5000357
Big Shaq,257.000042
LIT Killah,256.5000142
Joel Adams,256.5000142
Marc E. Bassy,256.5000142
Bosh,256.5000142
Liam Payne,256.1166793
Mainstreet,256.000006
Jaira Burns,254.5000287
Zara Larsson,254.3376508
Daya,254.0000195
Emily Warren,252.0000465
MC Fioti,252.000032
Digital Farm Animals,251.5000137
Brent Faiyaz,251.000004
Dyo,250.5000387
Henri Rene & His Orchestra,250.000049
Logic,249.6268783
Ruth B.,249.5015974
Ayo & Teo,249.5000022
DDG,249.000006
Anita Kerr Singers,249.000006
Alvaro Soler,248.0000385
A Boogie Wit da Hoodie,247.934191
NF,247.5520366
Sleepy Hallow,247.2228755
NIKI,247.00003
Jone Quest,246.00003
Super Yei,246.00003
Pol Granch,246.000005
Marc Seguí,246.000005
SEVENTEEN,246.0000015
IVE,246
MARINA,245.000025
CHVRCHES,244.5000027
Lost Frequencies,244.0001839
Omar Apollo,244.000018
Lazza,243.5000122
Trey Songz,243.00003
Käärijä,243.0000135
ATB,243.000006
Bruce Springsteen,241.5000067
Clairo,241.5000022
Elley Duhé,240.5151558
Mari Fernandez,239.5000087
Lil Kleine,239.5000012
Ant Saunders,239.000036
Paul Rosenberg,239.000001
Kevin Gates,239.000001
ElyOtto,238.0000135
Rich Music LTD,237.5000247
Sean Paul,237.191745
Dr. Dre,237.0000705
MERO,237
Skip Marley,236.0000405
Sido,236.000004
Tame Impala,235.6574844
Lady Gaga,235.5115455
Rag'n'Bone Man,235.000062
Quarterhead,234.0000405
Juanfran,234.000021
BØRNS,234.000003
Boza,233.0000175
Seafret,232.0000325
Marília Mendonça,231.8037217
Christian Nodal,231.0591542
Chimbala,231.000048
Tom Walker,231.000024
Standly,231.000002
Stars Music Chile,231.000002
Kendrick Lamar,229.6956156
Robin Schulz,229.5982578
Lil Mabu,229.5000127
Nas,229.5000127
Gun,228.9698246
Miggy Dela Rosa,228.0000675
James Hype,228.0000675
Lil Dicky,228.000052
Grupo Marca Registrada,228.000027
Finneas O'Connell,227.000013
Josh Levi,227.000013
Jordan Fisher,227.000013
Topher Ngo,227.000013
Grayson Villanueva,227.000013
4*TOWN (From Disney and Pixar's Turning Red),227.000013
Bipolar Sunshine,224.000031
XYLØ,224.000031
MC Kevin o Chris,223.0000035
Jhorrmountain,223.000002
Puri,223.000002
Goodboys,222.5983417
Blanco Brown,222.0000245
Rhenzy Feliz,222.000012
Carolina Gaitán - La Gaita,222.000012
Mauro Castillo,222.000012
Adassa,222.000012
Stefflon Don,222.000007
Maluma,221.9130177
Rels B,221.000005
Matheus Fernandes,221
WOS,220.00002
BoyWithUke,219.000045
Alejo,219.0000245
ROBI,219.0000245
Alesso,219
Jerry Di,218.5000337
Sampha,218.5000162
Chefin,218.5000162
The Goo Goo Dolls,218.5000022
Neo Beats,218.0000075
Kevin Roldan,217.5000577
Dani Faiv,216.000012
Fren,216.000012
Lola Indigo,216.000012
ARIZONATEARS,216.000012
Cosculluela,216.0000105
James Arthur,215.1966347
The Killers,214.2390771
NLE Choppa,214.2273657
Mason Ramsey,214.000005
Ashnikko,213.000048
Young Stoner Life,213.0000245
347aidan,212.5000112
Nickoog Clk,212.5000112
Pablito Pesadilla,212.5000112
Fran C,212.5000112
Kenia OS,212.000028
Luis Figueroa,211.000009
Lary Over,211.000009
The Game,210.5000012
Sebastian Yatra,209.070724
Aretha Franklin,209.000001
Summer Walker,207.5000022
Juan Magán,207.0000405
Daryl Hall & John Oates,206.000018
MNEK,206.000005
Alex Aiono,206.0000015
Hight,206.0000015
Mc Zaac,205.000049
Maiara & Maraisa,205.000006
Burna Boy,204.000042
Muni Long,204.0000165
Simone Mendes,204.000006
Kirsty MacColl,204.000006
Henri René and His Orchestra,204.000006
Baby Tate,204.000006
AYLIVA,202.5000112
Dj Adoni,202.5000112
Nekfeu,202.5000112
Colin Hay,202.000027
Luude,202.000027
Vicente Garcia,202.000008
Monsieur Periné,202.000008
ScHoolboy Q,201.00004
Swedish House Mafia,201.000025
Poo Bear,201.000007
Eartha Kitt,200.000056
Galantis,199.3368091
Marracash,199.0000075
Mother Mother,199.000007
Mari Ferndez,199
Anne-Marie,198.1838049
Bryant Myers,198.000057
Young Thug,197.6957003
Sam Feldt,196.000021
YEON,196.000012
João Gomes,195.5000082
Dimitri Vegas & Like Mike,195.5000082
Dimitri Vegas,195.5000082
Siouxxie,195.000015
Gustah,195.0000105
Bagua Records,195.0000105
Xamã,195.0000105
Beéle,194.5000412
The Pogues,194.0000715
Loote,194.000016
Stevie Wonder,194.0000035
Cardi B,193.9782292
Eden Muñoz,193.5000652
WhoHeem,193.5000012
Lukas Graham,193.3797669
Aitana,193.0631583
Jack & Jack,192.0000945
Idina Menzel,191.000015
Lasso,191.0000035
Gaby Music,190.5000287
Nause,189.0000105
anders,189.0000105
Zé Neto & Cristiano,188.5564784
Bryce Vine,187.5000062
VIZE,187.5000017
Dave,187.000027
KEVVO,187.0000015
Surfaces,187
Passenger,185.7785375
Tiësto,185.6676413
Ellie Goulding,184.8802456
(G)I-DLE,184.5000632
George Henrique & Rodrigo,184.000021
Stormzy,184.000021
Amitabh Bhattacharya,182.5000337
Pritam,182.5000337
Farid Bang,182.5000012
DJ Nelson,181
V,180.9099553
Red Velvet,180.5000022
Yuridia,179.0000175
La Pantera,179.0000105
Cruz Cafuné,179.0000105
Bejo,179.0000105
EL IMA,179.0000105
Juseph,179.0000105
Abhir Hathi,179.0000105
Maejor,178.000021
Lord Huron,177.8518124
FLETCHER,177.000018
$NOT,177.000007
Wes,176.5000287
TOOL,175.5000097
Sofia Carson,175.5000097
DMX,175.5000097
Ángela Aguilar,175.000026
Benson Boone,175.000026
Ski Mask The Slump God,175.000006
SUGA,175.0000045
Rex Orange County,175.000002
Will Smith,174.5000067
Yung Gravy,174.000039
Eagles,174.000005
Wallows,173.0000275
Peach Tree Rascals,173.000018
Gym Class Heroes,172.0001
Lil Mosey,171.7193091
Kid Ink,171.5000187
Kimbra,171.000022
Gotye,171.000022
Asees Kaur,171.00002
Gene Autry,171.000004
Pooh Shiesty,169.5000122
Tom Gregory,169.5000012
Mahalini,169.000033
Felipe Origil,169.000004
Marcynho Sensação,168.5000027
AnnenMayKantereit,168.0000225
Giant Rooks,168.0000225
Tay-K,167.5000362
Willow Sage Hart,167.5000022
Noah Cyrus,167.1680239
Mr. NaisGai,167.00005
Booba,167.0000015
Nicki Minaj,166.8712037
THE SCOTTS,164.000021
London On Da Track,164.000016
KayBlack,164.000001
Mikky Ekko,164.000001
"Royce Da 5'9""",163.5000012
Jhené Aiko,163.000015
ENHYPEN,163.000004
PSY,163.0000025
Shae Gill,162.5000122
Ali Sethi,162.5000122
SALES,162.000018
Cedric Gervais,162.000009
Norm Ender,162.000009
Phoebe Bridgers,162.000009
Chris Willis,162.000009
Mimi Webb,162.000009
Alessandra,162.000009
James Hersey,162.000009
Banda MS de Sergio Lizárraga,162.000009
22 Savage,162.000009
Ab-Soul,162.000009
Sam Dew,162.000009
Zacari,162.000009
Social House,162.000009
Imanbek,162.0000035
Alok,161.5001007
Mariah Angeliq,161.000015
SOB X RBE,160.00002
Kiiara,160.000018
Vulgo FK,160.0000025
Menor MC,160.0000025
MC GP,160.0000025
DJ Matt D,160.0000025
Omar Montes,159.000006
Sukriti Kakar,159.000006
Israel & Rodolffo,159
Paloma Faith,158.000018
Maite Perroni,158.0000045
TINI,157.3459045
Maldy,157.000015
LISA,156.0001365
Frank Ocean,156
Armin van Buuren,154.5000212
Jovem Dionisio,153.000012
kai,152.000028
Gera MX,152.00002
Troye Sivan,151.9443294
Daniel Everidge,151.000029
Ella Henderson,151.0000045
Niall Horan,150.6363627
Leslie Grace,150.5000022
Wyclef Jean,150.5000012
WizKid,150.1262316
Fifth Harmony,150.000093
StarBoi3,150.0000375
Thiaguinho MT,150.000015
Mila,150.000015
Mr.Rain,148.5000082
Wall Hein,148.5000082
Ludwig Göransson,148.5000082
MC Caverinha,148.5000082
Bootie Brown,148.5000082
Foudeqush,148.5000082
Taylour Paige,148.5000082
Young Nudy,148.5000082
Louis Prima,148.5000082
Meek Mill,148.288093
PEDRO SAMPAIO,148.000021
TOMORROW X TOGETHER,147.5000112
Charly Black,146.0000465
J. Rey Soul,146.0000325
I Wroldsen,146.0000075
iann dior,146.000006
Trippie Redd,145.0974145
Cauty,145.000005
Mau y Ricky,144.2333756
John Mayer,144.000039
Blueface,144.000014
Jasiel Nuñez,144.000006
H.E.R.,143.5000202
Leah Kate,143.5000062
Thalia,143.5000022
DJ Lucas Beat,143.5000017
Flipp Dinero,143.000066
The Rare Occasions,143.000036
Ezhel,143.0000255
Blxst,143.000015
Carlos Vives,142.8823343
Casper Magico,142.3943684
Danelle Sandoval,141.5000357
Burak Yeter,141.5000357
BYOR,141.5000112
Ivan Cornejo,141.000024
Brando,141.0000075
Anuel AA,140.4402314
Beach House,140.000063
Diplo,139.5280809
Louis Tomlinson,139.000081
Mc Lele JP,139.000011
MYA,139.00001
Caralisa Monteiro,139.0000025
Shilpa Rao,139.0000025
Mac DeMarco,138.000033
Rich The Kid,137.7521394
Ritt Momney,137.5000522
Beach Weather,136.0000495
Chino & Nacho,136.0000465
Baby Rasta,136.000042
MKTO,136.000029
BROCKHAMPTON,136.00001
24kGoldn,135.5178745
Tom Petty,135.0000075
Seori,135.0000075
Red Velvet - IRENE & SEULGI,135.0000075
Kanii,135.0000075
Lauv,134.654877
Calum Scott,134.5143737
Olga Merediz,134.5000362
Zion & Lennox,134.2654651
Malu,134.000006
Irama,133.0000045
MC Lipivox,133.000002
MC K.K,133.000002
Dj TG Beats,133.000002
Dj Aurélio,133.000002
R3HAB,132.5000137
Haze,132.00004
BEAM,132.000003
Los Legendarios,132
Arijit Singh,131.5000412
JAY-Z,131.0597176
Aaron Smith,131.00006
El Chachito,131.0000165
Mc Danny,131.0000055
Nuka,131.000002
Drew Love,130.000002
Masked Wolf,129.5566436
KSI,129.5000192
Sam Fischer,129.0000315
*NSYNC,129.000006
John Amplificado,128.00003
Petit Biscuit,127.5000542
Stun 4 Vegas,127.000018
Years & Years,126.000002
Walker Hayes,124.000012
Yebba,124.000011
gnash,123.5000542
Mert Demir,123.000027
Leo Santana,123.000027
Mabel Matiz,123.000027
Dj Guuga,123.000026
Guilherme & Benuto,123.000003
Yo Gotti,122.5000112
Thutmose,121.5000067
RBD,121.5000067
Duckwrth,121.5000067
Kalazh44,121.5000067
SOYEON,121.5000067
RealestK,121.5000067
Christian Chávez,121.5000067
State of Sound,121.5000067
GASHI,121.5000067
Stan Kenton,121.5000067
Christopher von Uckermann,121.5000067
Ghostface Killah,121.5000067
Stargate,121.5000067
Dulce María,121.5000067
DJ Jonathan,121.5000067
Keke Palmer,121.5000067
VÉRITÉ,121.5000067
Fred again..,121.5000067
Flowdan,121.5000067
Alfonso Herrera,121.5000067
Anahí,121.5000067
Murda,121.5000067
Mc Poze do Rodo,121.5000037
Bruno & Marrone,120.5000087
Slim Jxmmi,120.00006
Christian Daniel,120.000054
Abraham Mateo,120.000054
Montell Fish,120.000015
KitschKrieg,120.0000135
Sky Rompiendo,119.5000852
Miguel,119.2778443
Takeoff,119.00001
SCH,119.000007
Thomas Rhett,118.00005
TREASURE,118.0000025
Ava Max,117.8596322
Tai Verdes,117.0000345
T-Low,117.000003
Thiago Jhothan (TJ),117.000003
Ghali,117.000003
Brisa Star,117.000003
j-hope,117.0000025
Tego Calderon,116.5000037
Jerry Smith,116.000004
Nessa Barrett,116.000004
RM,116.000002
MC Zaquin,115.5000062
MC Rick,115.5000062
Micro TDH,115.0000525
Tina Turner,115.0000225
Luciano,114.1253977
Mark Linett,114.000012
Larry Walsh,114.000012
Sweet,114.000012
Aaron Carter,113.5000312
Stromae,113.0000025
The Boy Next Door,113.000002
Billie Eilish,112.3620224
Menor Nico,112.000008
Petter Ferraz,112.000008
Project Pat,111.5000202
Russ,111.0000045
$uicideboy$,110.5000187
Paulo Londra,110.1070299
WIU,110.0000405
Damian Lemar Hudson,110.00001
Kylie Minogue,110.00001
Majestic,108.000033
Night Lovell,108.000006
Netta,108.000006
Omah Lay,108.000006
Max B,108.000006
CÉLINE,108.000006
Jay Electronica,108.000006
Crush,108.000006
Clueso,108.000006
Hava,108.000006
Tanna Leone,108.000006
BIGBANG,108.000006
grandson,108.000006
Pamungkas,108.000006
Van Halen,108.000006
Rvssian,107.5889895
Ninho,107.5000112
Tarcísio do Acordeon,107
Pusha T,106.5000212
Jessica Darrow,106.5000087
MC Ryan SP,106.000004
Loud Luxury,105.2889817
SHAED,105.000075
Joyner Lucas,105.000018
KREAM,104.000031
Rod Wave,104.00002
Kep1er,104.000016
Normani,104.000015
Niack,104.000005
Olivia Holt,103.0000315
SFR,103.000017
Naps,102.000021
Arevi,102.000003
Márcia Fellipe,102.000003
Jack Harlow,101.6636312
The Script,101.5000012
Paloma Mami,101.0000275
Jos Esticado,101.00002
Jay Wheeler,100.1531074
LANY,100.00007
Aldair Playboy,100.000005
Fetty Wap,99.000062
Jon Bellion,99.000062
Mufasa & Hypeman,99.0000105
Dopamine,99.0000105
Salmo,98.50000175
JID,98.18556781
Savage Ga$p,98.0000105
Machine Gun Kelly,97.77707382
bbno$,97.16757536
Ella Fitzgerald,97.000007
Foo Fighters,97.0000015
Tony Dize,96.0000715
Shaggy,96.0000025
LIT killah,95.0000775
ThxSoMch,95.000036
Kygo,94.78563393
Colapesce,94.50000525
Arrhult,94.50000525
La rappresentante di lista,94.50000525
NMIXX,94.50000525
Mustafa,94.50000525
Go_A,94.50000525
DJ A1,94.50000525
Joakim Lundell,94.50000525
Justin Mylo,94.50000525
Louane,94.50000525
Rowdy Rebel,94.50000525
The Strokes,94.50000525
Yasiin Bey,94.50000525
The Temper Trap,94.50000525
SuperM,94.50000525
Keisya Levronka,94.50000525
Suki Waterhouse,94.50000525
Young Sinatra,94.50000525
Dimartino,94.50000525
Bill Withers,94.50000525
MC L da Vinte,94.000005
MC Gury,94.000005
Au/Ra,93.50000875
Tomine Harket,93.50000875
Luísa Sonza,93.18943202
Dean Lewis,93.18190565
Luan Santana,92.69162219
Meghan Trainor,92.62763959
Zach Bryan,92.50006875
Chael Produciendo,92.000013
Matthew Wilder,91.000014
Bebe Rexha,90.22905104
Disclosure,90.000063
Evaluna Montaner,90.0000475
Vitor Ferndes,90.00001
Aloe Blacc,89.50002625
LEA,89.50001375
King Princess,89.0000315
2Pac,89.000001
Rammstein,88.50000525
Chris Jedi,88.48237164
Emmy Meli,88.000014
King Von,88.000002
The-Dream,88.000002
Studio Killers,88.000002
Ricky Martin,87.000093
Gorillaz,87.000054
Oliver Heldens,87.000033
Marciano Cantero,87.000003
MC MM,87.000003
DaBaby,86.89048965
Madame,86.000004
Lil Xan,85.50007425
DJ SpinKing,85.50000875
Leo Lewis,85.50000675
Dj GBR,84.50002375
BloodPop®,84.50002275
DripReport,84.000034
JIN,84.0000075
Starley,83.50010075
Miksu / Macloud,82.50003375
A R I Z O N A,82.000033
Don Patricio,82.000008
Era Istrefi,82.0000045
mc jhenny,82.0000025
Journey,81.98099476
Jessie Reyez,81.50314277
Dakota,81.50003875
Jasleen Royal,81.50001875
B Praak,81.50001875
Riton,81.16595435
Igow,81.000009
42 Dugg,81.0000045
Carlos Santana,81.0000045
Carge,81.0000045
Bvga Beatz,81.0000045
Juliette,81.0000045
Barbara Pravi,81.0000045
DJ Drama,81.0000045
DAISY WORLD,81.0000045
KALUSH,81.0000045
Kalush Orchestra,81.0000045
Prod Malax,81.0000045
Supernova Ent,81.0000045
Rymez,81.0000045
Jonita Gandhi,81.0000045
Rkomi,81.0000045
Blind Channel,81.0000045
Leona Lewis,81.0000045
Teezo Touchdown,81.0000045
Eiffel 65,81.0000045
Roger,81.0000045
James Blake,81.0000045
Anirudh Ravichander,81.0000045
Veigh,81.0000045
Domo Genesis,81.0000045
Melody,80.50002375
Dj Chris No Beat,80.50002375
Quintino,80.50000625
Macklemore,79.44396796
Shouse,79.000126
Jeremy Zucker,79.000054
Tulus,79.000026
187 Strassenbande,79.00001
Rusherking,78.000027
Beach Bunny,78.000006
Summer Cem,78.000003
Demi Lovato,77.77341428
John Williams,77.50002925
Mykola Dmytrovych Leontovych,77.50002925
Jason Mraz,77.12816653
Mike Posner,77.000093
Alico,77.0000075
The Vamps,76.50006975
AK AUSSERKONTROLLE,76.50000125
Ant Clemons,76.000014
Matoma,75.50006975
TAEYANG,75.50003325
PNL,75.50000525
Lennon Stella,75.00004
Tony Aguirre,75.000003
blackbear,74.62683572
Ashley O,74.50001375
sangiovanni,74.000027
BLANCO,74.000008
Colde,74.000001
Iggy Azalea,74.000001
Bas,74.000001
AX'EL,73.50001925
Dj Yo!,73.50001925
Rafa Pabön,73.26204466
Bella Poarch,73.000036
WILDBWOYS,73.000017
KASIMIR1441,73.000017
badmómzjay,73.000017
Wazir Patar,73.000002
Orelsan,73.000002
DJ Khaled,72.9358104
Farruko,72.88707742
Mc Don Juan,72.50004275
Marc Anthony,72.50002625
Dayvi,72.000014
Kelly Ruíz,72.000014
Rick Ross,72.000003
Data Luv,72.000003
Bonez MC,71.96702099
TOKYO'S REVENGE,71.50002625
Martin Solveig,71.50000375
G Herbo,71.50000175
Nathan Evans,71.00004
Armani White,71.000014
Dilsinho,71.0000025
Fall Out Boy,71.000002
Alex Rose,70.19521688
Fousheé,70.0000475
The Marías,70.0000455
Dido,70.0000225
Felipe Amorim,70.000008
Oliver Tree,70
JP Cooper,69.50016775
Tate McRae,69.35204765
Jubin utiyal,69.000024
Tanishk Bagchi,69.000024
Niño de Elche,68.50004375
La Húngara,68.50004375
A-Wall,68.50001625
Paulo Pires,68.0000255
Tropkillaz,68.0000105
Clipse,68.000007
Kenny G,68.000007
Bryson Tiller,68.0000035
Teto,68.000003
StaySolidRocky,67.50008525
Joey Bada$$,67.50000375
Chanel,67.50000375
Shablo,67.50000375
TisaKorean,67.50000375
Morad,67.50000375
Soundgarden,67.50000375
Eleni Foureira,67.50000375
Beth Gibbons,67.50000375
Big Red Machine,67.50000375
Matt Maltese,67.50000375
Trío Los Josefinos,67.50000375
MC Loma e As Gêmeas Lacração,67.50000375
Jeremih,67.50000375
Gabriela,67.50000375
Francesca Michielin,67.50000375
KAI,67.50000375
So!YoON!,67.50000375
Frauenarzt,67.50000375
Fleet Foxes,67.50000375
Ansel Elgort,67.50000375
Audioslave,67.50000375
Death Cab for Cutie,67.50000375
Amy Grant,67.50000375
Elisa,67.50000375
Eric Church,67.50000375
Alonzo,67.50000375
Animus,67.50000375
Nitro,67.50000375
Hozier,67.26933836
Raí Saia Rodada,67.0000175
Bring Me The Horizon,67.0000035
DJ 2F,66.50000125
MC Du Black,66.50000125
Tiago PZK,66.22956692
Yuri Redicopa,66.000009
MC Menor MT,66.000009
DJ Jeeh FDC,66.000009
Bushido,66.000009
SiM,66.000009
Mc Pelé,66.000009
James Carter,65.50000875
FAST BOY,65.50000875
Kehlani,65.000063
ROSÉ,65.00005
YoungBoy Never Broke Again,65
Pitbull,64.0000715
Udo Lindenberg,64.000011
Tony Bennett,64.000006
El Chacal,63.50006975
IAmChino,63.50006975
Shelley FKA DRAM,62.50008525
S1mba,62.50002275
Kevin Kaarl,62.50000625
Zhavia Ward,62.000033
Vince Guaraldi Trio,61.000018
Matheus & Kauan,61.000009
The Andrews Sisters,61.000006
Angèle,61.000004
Christi Aguilera,61.0000025
The Kid LAROI,60.93833099
Edison Lighthouse,60.00003
Milky Chance,60.00003
Fireboy DML,60.0000105
Felipe Araújo,60.00001
Ferrugem,60.00001
ZAYN,59.67048463
Yaviah,59.50000125
girl in red,59.000048
Adriano Rhod,58.000002
anees,58.000002
thasup,58.000002
Barloe Team,58.000002
Ella Eyre,57.50006175
Capital Bra,57.45922382
Glades,57.000003
Slipknot,57.000003
The Puppini Sisters,57.000003
Cults,57.000003
Mavzer Tabancas,56.000004
Dedublüman,56.000004
ABRA,56.000004
Evan Rachel Wood,56.000004
Nevada,55.50003875
Money Man,55.50002875
La Adictiva,55.50000225
Anitta,55.09165031
ABBA,55.0000045
Damso,55.000002
Afro Bros,54.50004725
Like Mike,54.50004725
Jess Glynne,54.0000585
Yohani,54.000003
André Nine,54.000003
Surya Ragunaathan,54.000003
Rivers Cuomo,54.000003
jxdn,54.000003
Mozzy,54.000003
Mikolas Josef,54.000003
Dxrk ãƒ€ãƒ¼ã‚¯,54.000003
Veysel,54.000003
Rashmi Virag,54.000003
Gjon's Tears,54.000003
Arthur Hanlon,54.000003
Costa Gold,54.000003
Lunay,54.000003
Daði Freyr,54.000003
Steve Perry,54.000003
Kash Doll,54.000003
Solange,54.000003
HRVY,54.000003
Sean Kingston,54.000003
Brandi Carlile,54.000003
Capo,54.000003
Hamza,54.000003
Bright Sparks,54.000003
Mc Anjim,53.50002625
Dj Lv Mdp,53.50002625
DJ PH DA SERRA,53.50002625
Kawe,53.50001375
Loreda,53.000035
cakal,53.0000045
Victor Cibrian,52.50000875
Belly,52.000008
ItaloBrothers,51.0000385
Kotim,51.000003
Mc Paiva ZS,51.000003
Grupo Firme,50.50000175
Jonas Brothers,50.4246154
Banx & Ranx,50.000015
Bea Miller,49.000015
Donny Hathaway,49.0000035
Gryffin,49.000002
Pashanim,48.50001575
TWISTED,48.0000255
Slade,48.000004
Wizzard,48.000004
Ray Parker Jr.,48.0000025
Diego & Victor Hugo,47.50001125
Sara Kays,47.000015
Dermot Kennedy,47.0000135
Alexander 23,47.0000075
Nea,45.50003325
Nimo,45.50000225
Rauw Alejandro,45.20561988
Gustavo Mioto,45.000048
Cash Cash,44.50001375
Analaga,44.50000125
João Gustavo e Murilo,44.50000125
Jamule,44.00001
blink-182,44.000001
Tee Grizzley,44.000001
Creedence Clearwater Revival,44.000001
L7NNON,43.50000875
DJ Biel do Furduncinho,43.50000875
FP do Trem Bala,43.000002
Skinner & Lightning Seeds,43.000002
Gloria Groove,43.000002
Baddiel,43.000002
Camila Cabello,42.56655327
Calibre 50,42.50003675
Quevedo,42.23916893
ElGrandeToto,42.000018
Hit-Boy,42.000003
Dream,42.000003
Alessandra Amoroso,41.000004
Boomdabash,41.000004
MC Jacaré,41.000004
Yeat,40.50003325
Swizz Beatz,40.50000375
Jc La Nevula,40.50000225
Young T & Bugsey,40.50000225
Amitabha Bhattacharya,40.50000225
bj wnjn,40.50000225
Ana Mena,40.50000225
Inéz,40.50000225
Sick Luke,40.50000225
Sunstroke Project,40.50000225
Gunna,40.50000225
Fabri Fibra,40.50000225
Carla Morrison,40.50000225
Cian Ducrot,40.50000225
Peter Fox,40.50000225
Jennifer Hudson,40.50000225
Guay,40.50000225
Harm Franklin,40.50000225
Mudd the student,40.50000225
Freshlyground,40.50000225
Balming Tiger,40.50000225
Atomic Otro Way,40.50000225
JSX,40.50000225
Sam Ryder,40.50000225
Starrah,40.50000225
Randy,40.50000225
Kenny Rogers,40.50000225
Meat Loaf,40.50000225
Bass Santa,40.50000225
Dylan Conrique,40.50000225
Dj Tk,40.50000225
Electric Light Orchestra,40.50000225
Diddy,40.50000225
Elena Tsagrinou,40.50000225
ELIF,40.50000225
The Flint Chozen Choir,40.50000225
Omega Sapien,40.50000225
Likybo,40.50000225
Vicente Fernández,40.50000225
Massimo Pericolo,40.50000225
Wilbur Soot,40.50000225
Lovejoy,40.50000225
Diodato,40.50000225
Tom Morello,40.50000225
Lucky Daye,40.50000225
Ptazeta,40.50000225
MC Lan,40.50000225
Rocco Hunt,40.50000225
Sachin-Jigar,40.50000225
Dreamville,40.0000075
Fernando & Sorocaba,40.000002
Gambi,39.000021
Avril Lavigne,39.000004
Heuss L'enfoiré,39.0000025
Gradur,39.0000025
El Alfa,39
Kesha,38.000063
A Touch Of Class,38.000042
LF SYSTEM,38.0000345
Headie One,38.0000165
Mae Stephens,38.0000165
Fedez,38.000002
AC/DC,38
Zu,36.50000175
JENNIE,36.0000285
Vundabar,36.0000165
Reynmen,36.0000075
Ufo361,35.65955172
Harry Nach,35.000049
Mc RF,35.000025
Dj LK da Escócia,35.000025
Tchakabum,35.000025
DENNIS,35.000006
Jessi,34.50000875
Alicia Keys,34.50000175
Juicy J,34.000008
MC Rogerinho,34.000002
MC's Jhowzinho & Kadinho,34.0000015
Sfera Ebbasta,33.99973142
LeeHi,33.50000375
Dj Gabriel do Borel,33.000018
Mc Frog,33.000018
Davi Kneip,33.000018
Natalie Taylor,33.000015
My Chemical Romance,33.000012
Morat,33.000003
Dan Paola,33.0000015
Zion,32.19919952
Jamie Miller,32.000042
Mahmood,32.000036
Murda Beatz,32.000035
Gaullin,32.00001
Wolftyla,32.000005
Cliff Richard,32.0000015
Mud,32.0000015
EXO,32.0000015
The Walters,31.5285364
Mc Pedrinho,31.0000715
YNW Melly,31.00005282
Ziv Zaifman,31.000045
Zay Hilfigerrr,31.000029
Zayion McCall,31.000029
Judy Garland,31.000006
Céline Dion,31.0000035
Michael Jackson,30.96411829
Sarah Cothran,30.50000375
DJ Robin,30.50000375
Schürze,30.50000375
Childish Gambino,30.40559242
CORPSE,30.000014
The Cratez,30.000005
Pretenders,30.000004
Jessie J,30.000003
Mc Livinho,30.0000025
Otis Redding,30.0000025
Travis Barker,30.0000015
French Montana,29.23489555
Skehips,29.000052
OIK,29.000009
Tati Zaqui,29.000009
Dadá Boladão,29.000009
Jo Lewie,29.0000035
Usher,29.000003
aespa,29.000003
Mel & Kim,29.000001
BRADO,29.000001
Kin$oul,29.000001
Mumford & Sons,29.000001
Hanh Kerr,29.000001
MC Xenon,28.50000125
Os Gemeos da Putaria,28.50000125
Carpenters,28.00001
Nina Nesbitt,28.000002
Saiko,28.000002
Ed Maverick,28.000002
Johnny Mathis,28.000002
KALEO,27.50000375
FRENSHIP,27.0000465
Loren Allred,27.000045
Aerosmith,27.000036
MC Bruninho,27.000006
Grace Jones,27.000003
Shania Twain,27.000003
Callejero Fino,27.000003
Evlay,27.0000015
Donna Summer,27.0000015
Bad Gyal,27.0000015
Big Lenbo,27.0000015
shadowraze,27.0000015
Neil deGrasse Tyson,27.0000015
Nathaniel Alford,27.0000015
NiiHWA,27.0000015
Nigo,27.0000015
Noa Kirel,27.0000015
Smino,27.0000015
James Brown,27.0000015
James TW,27.0000015
Hopsin,27.0000015
Trio Vegabajeño,27.0000015
TrifeDrew,27.0000015
Chuck D,27.0000015
Tony Williams,27.0000015
Guè Pequeno,27.0000015
Manu Gavassi,27.0000015
Mala Rodríguez,27.0000015
Mahalia,27.0000015
HITMAKER,27.0000015
Pinguini Tattici Nucleari,27.0000015
Michael Schulte,27.0000015
FKA twigs,27.0000015
Christina Aguilera,27.0000015
System Of A Down,27.0000015
Duke & Jones,27.0000015
TWENTY88,27.0000015
Tablo,27.0000015
Gayla Peevey,27.0000015
Erykah Badu,27.0000015
Southside,27.0000015
DG e Batidão Stronda,27.0000015
Curren$y,27.0000015
DJ Henrique da VK,27.0000015
EST Gee,27.0000015
Doode,27.0000015
Paul Blanco,27.0000015
Devin Dawson,27.0000015
Dixie,27.0000015
DJ KOSTA 22,27.0000015
Angel Dior,27.0000015
No I.D.,27.0000015
Benzz,27.0000015
MC Eiht,27.0000015
Reese LAFLARE,27.0000015
MC Ingryd,27.0000015
Renn da Penha,27.0000015
Lauren Daigle,27.0000015
La Mosca Tse-Tse,27.0000015
Jona Lewie,27.0000015
Jojo Maronttinni,27.0000015
Twice As Nice,27.0000015
Jeff Costa,27.0000015
J Hus,27.0000015
Jarabe De Palo,27.0000015
Subwoolfer,27.0000015
Malik Monta,27.0000015
Popcaan,27.0000015
Louis Theroux,27.0000015
Mc Renn,27.0000015
Lucy Rose,27.0000015
Dargen D'Amico,27.0000015
The Plug,27.0000015
Porky Slim,27.0000015
Sarah Connor,27.0000015
DJ Ak beats,27.0000015
Mc Tato,27.0000015
Tim Berg,27.0000015
Black Thought,27.0000015
Blanche,27.0000015
Luca Hänni,27.0000015
AJ Mitchell,27.0000015
DaChoyce,27.0000015
88-Keys,27.0000015
Nitti Gritti,27.0000015
Yung Kayo,27.0000015
Ol' Dirty Bastard,27.0000015
Olivia Newton-John,27.0000015
Mitski,27.0000015
Kenny Man,27.0000015
KEiiNO,27.0000015
La Maquiria Norteña,27.0000015
R.K.M & Ken-Y,27.0000015
S10,27.0000015
Salvador Sobral,27.0000015
Superstar Pride,26.50001125
Sigala,26.000057
Sage The Gemini,26.0000465
Emma Stone,26.0000175
Roar,26.000004
Douglas & Vinicius,26.000004
Black Coffee,25.50001625
Jack Black,25.00002
Ryan Gosling,25.0000175
MadMan,25.000005
Os Hawaianos,25.000005
DJ Bel da CDD,25.000005
Wind & Fire,24.99959748
Earth,24.99959748
SRNO,24.50000625
KYLE,24.35029481
IU,24.0000345
Lexa,24.0000105
Vegedream,23.50001875
Gemitaiz,23.50000625
Alan Walker,23.36132325
Pentatonix,23.000036
southstar,23.000022
Peter Manos,23.000007
UZI,23.000005
Central Cee,23
Becky Hill,22.81325999
KHEA,22.72113494
Phoebe Ryan,22.50005425
tha Supreme,22.50002125
MC Kekel,22.000004
Zoe Wees,21.50000125
Black Eyed Peas,21.06784683
Justin Wellington,21.000042
Small Jam,21.000042
KC Rebell,21.000025
DJ Gege,21.000015
DJ Kaioken,21.000015
DJ Nikolas Alves Exclusive,21.000015
MC Levin,21.000015
Rockwell,21.000002
Maxwell,21.000002
Mike Will Made It,21.0000015
Aminé,20.50010075
Red Hot Chili Peppers,20.50000125
Edgardo Nuñez,20.00001
Lauren Jauregui,20.000008
The Crypt-Kickers,20.0000025
"Bobby ""Boris"" Pickett",20.0000025
Paramore,19.000024
DannyLux,18.0000455
The Night Game,18.000012
Shiva,18.000004
Sodré,18.0000035
Outkast,18.000003
The Citizens of Halloween,18.000002
Vice,17.50005425
Luan Pereira,17.50000375
LX,17.50000175
Dardan,17.50000125
Mc Davi,17.0000455
MC Mari,17.00001
Kontra K,17.0000045
Train,17.0000035
Bruno Major,17.0000025
Thurl Ravenscroft,17.000002
Azet,17.0000015
Amanda Reifer,16.50002375
Seeb,16.50001375
Sub Urban,16.50001225
RIN,16.50001125
DJ RD,16.50000375
Annie Lennox,16.50000175
Eurythmics,16.50000175
Dave Stewart,16.50000175
YUNGBLUD,16.000021
Destiny's Child,16.0000035
Bryan Adams,16.000002
Melanie Thornton,16.000002
Lynyrd Skynyrd,16.0000015
salem ilese,15.50004725
Kay Starr,15.50000175
El Padrinito Toys,15.50000125
Dolly Parton,15.50000125
Gucci Mane,15.32207159
Jillian Edwards,15.000015
Thomas Gold,15.000015
Marvin Gaye,15.0000015
Muse,15.0000015
Nat King Cole Trio,15.0000015
Tammi Terrell,15.0000015
Tedua,15.0000015
La Joaqui,14.50001125
Bee Gees,14.50000125
LUDMILLA,14.50000125
HAIM,14.50000125
Blue Öyster Cult,14.50000125
Alejandro Fernández,14.50000125
Avicii,14.11147498
Rob $tone,14.0000465
Mr Eazi,14.0000045
Christi Perri,14.000003
Kacey Musgraves,14.000003
MC Rita,14.0000025
Thirty Seconds To Mars,14.000001
Sigrid,14.000001
John Lundvik,14.000001
Zoe Nash,14.000001
Rik Rok,14.000001
Bon Iver,14.000001
Justin Hurwitz,14.000001
Humberto & Ronaldo,14.000001
Haftbefehl,14.000001
Benjamin Ingrosso,14.000001
Maggie Rogers,14.000001
Madon,14.000001
Cornelia Jakobs,14.000001
Amanda Shires,14.000001
Carol Richards,14.000001
The Clash,14.000001
Dark Polo Gang,14.000001
London Grammar,14.000001
DUSTY LOCANE,14.000001
Kamferdrops,14.000001
The Rolling Stones,14.000001
Andrew Gold,14.000001
Niska,14.000001
Young Miles,13.50000075
Esprit Ange Andraos,13.50000075
Efendi,13.50000075
AFROJACK,13.50000075
carolesdaughter,13.50000075
dvsn,13.50000075
eleck,13.50000075
glaive,13.50000075
Zack De La Rocha,13.50000075
paopao,13.50000075
A$AP Mob,13.50000075
Zac Brown Band,13.50000075
Alonestar,13.50000075
ALMA,13.50000075
ANNA,13.50000075
Aaliyah,13.50000075
Aazar,13.50000075
Nayer,13.50000075
Ne-Yo,13.50000075
AVA,13.50000075
Ari Lennox,13.50000075
Akon,13.50000075
Andrew Andraos,13.50000075
Olly Murs,13.50000075
OmenXIII,13.50000075
Mobb Deep,13.50000075
Baby Goth,13.50000075
Beba,13.50000075
Lali,13.50000075
Landon Barker,13.50000075
Kim Loaiza,13.50000075
Kim Sawol,13.50000075
King Khalil,13.50000075
Kitty Kat,13.50000075
Kodie Shane,13.50000075
Koffee,13.50000075
Kollegah,13.50000075
ROZES,13.50000075
KronoMuzik,13.50000075
Ricky Montgomery,13.50000075
Rico Nasty,13.50000075
Run The Jewels,13.50000075
Keith Urban,13.50000075
Brandy,13.50000075
Busta Rhymes,13.50000075
Killstation,13.50000075
KALIM,13.50000075
Robert Trujillo,13.50000075
Robin Bengtsson,13.50000075
Robyn,13.50000075
Kaash Paige,13.50000075
Kadu Martins,13.50000075
Kenny Mason,13.50000075
Kid Trunks,13.50000075
Kierra Sheard,13.50000075
Ryuichi Sakamoto,13.50000075
SANTOS,13.50000075
Nano,13.50000075
K$upreme,13.50000075
Saint Levant,13.50000075
Joy Williams,13.50000075
Juanes,13.50000075
Carly Rae Jepsen,13.50000075
Lil Zey,13.50000075
Little Nell,13.50000075
Quan'ta,13.50000075
Reddz,13.50000075
Ri Sawayama,13.50000075
Los Ángeles Azules,13.50000075
Lou Monte,13.50000075
Leon Bridges,13.50000075
Porter Robinson,13.50000075
Lil Jon,13.50000075
MC JottaPê,13.50000075
MC M10,13.50000075
MC Teteu,13.50000075
M.I.A.,13.50000075
Bonnie Tyler,13.50000075
Boris Karloff,13.50000075
Walshy Fire,13.50000075
WOOSUNG,13.50000075
Billy Eichner,13.50000075
Jungleboi,13.50000075
SDM,13.50000075
SOMI,13.50000075
SSIO,13.50000075
SYML,13.50000075
Ir Sais,13.50000075
Jack The Smoker,13.50000075
Janelle Monáe,13.50000075
J-AX,13.50000075
Jasmine Thompson,13.50000075
Jd Pantoja,13.50000075
Lous and The Yakuza,13.50000075
Snow Patrol,13.50000075
MC WM,13.50000075
Isaiah Rashad,13.50000075
Izi,13.50000075
Jon Batiste,13.50000075
Joony,13.50000075
Joost,13.50000075
Ski Aggu,13.50000075
Slait,13.50000075
Tusse,13.50000075
U2,13.50000075
Juliano Maderada,13.50000075
CocoRosie,13.50000075
Coely,13.50000075
Coez,13.50000075
HARDY,13.50000075
Helene Fischer,13.50000075
Hell Raton,13.50000075
Herve Pagez,13.50000075
Hot Shade,13.50000075
Purple Disco Machine,13.50000075
Hanybal,13.50000075
Hayley Kiyoko,13.50000075
Hwa Sa,13.50000075
Guè,13.50000075
Juliander,13.50000075
Hayley Williams,13.50000075
Green Day,13.50000075
Grupo F1rmo,13.50000075
Sid Sriram,13.50000075
HUGEL,13.50000075
WATTS,13.50000075
Flyboy Tarantino,13.50000075
Monet192,13.50000075
Numidia,13.50000075
OMI,13.50000075
NCT DREAM,13.50000075
NGEE,13.50000075
Sickick,13.50000075
Marilyn Manson,13.50000075
Wiktoria,13.50000075
SiR,13.50000075
WATT,13.50000075
Showtek,13.50000075
Shenseea,13.50000075
Marquinho no Beat,13.50000075
MIMI,13.50000075
MORTEN,13.50000075
Seth Rogen,13.50000075
Phoenix,13.50000075
Pi'erre Bourne,13.50000075
Vybz Kartel,13.50000075
Marvin Divine,13.50000075
Otto Waalkes,13.50000075
John Travolta,13.50000075
Forever Band,13.50000075
Freeze corleone,13.50000075
Gala,13.50000075
Tre' Amani,13.50000075
John Paul White,13.50000075
Supa Bwe,13.50000075
Syd,13.50000075
Christine and the Queens,13.50000075
Topo La Maskara,13.50000075
Tove Styrke,13.50000075
Jesy Nelson,13.50000075
Colby O'Donis,13.50000075
Trei Degete,13.50000075
Chris Cornell,13.50000075
Chris King,13.50000075
Chris Nolan,13.50000075
José José,13.50000075
Felipe e Rodrigo,13.50000075
Felix of Stray Kids,13.50000075
Emani 22,13.50000075
Taylor Bennett,13.50000075
Tayrone,13.50000075
En Vogue,13.50000075
Eric Land,13.50000075
Eros Ramazzotti,13.50000075
Fat Les,13.50000075
Squeezie,13.50000075
Stephanie Poetri,13.50000075
Joshua Bassett,13.50000075
Tarkan,13.50000075
Tierry,13.50000075
Gentleman,13.50000075
Sophie and the Giants,13.50000075
Sorana,13.50000075
Spice Girls,13.50000075
Dj Serpinha,13.50000075
Tiago Doidão,13.50000075
Teddy Geiger,13.50000075
The tiol,13.50000075
Dylan,13.50000075
Destiny,13.50000075
DJ Durel,13.50000075
The White Stripes,13.50000075
DJ Jazzy Jeff & The Fresh Prince,13.50000075
Connie Constance,13.50000075
Ludacris,13.50000075
Craig David,13.50000075
The Platters,13.50000075
Dala,13.50000075
The Lumineers,13.50000075
Ozzy Osbourne,13.50000075
Miami Yacine,13.50000075
The Dap-Kings Horns,13.50000075
Park Ji-yoon,13.50000075
Tinashe,13.50000075
Peggy Lee,13.50000075
Majid Jordan,13.50000075
Cameron Seely,13.50000075
Mike Yung,13.50000075
MistaJam,13.50000075
Norah Jones,13.50000075
Calcutta,13.50000075
Vanessa Paradis,13.50000075
Myd,13.50000075
Moelogo,13.50000075
Vampire Weekend,13.50000075
VIC MENSA,13.50000075
Chad Smith,13.50000075
Devi Sri Prasad,13.50000075
Th CDM,13.50000075
The Beatles,13.50000075
The Black Keys,13.50000075
Don Q,13.50000075
THE ROOP,13.50000075
Zé Vaqueiro,13.50000075
John Newman,13.50000075
Fally Ipupa,13.50000075
Screamin' Jay Hawkins,13.50000075
Neil Diamond,13.50000075
Nel-Denarro,13.50000075
Sarah Rebecca,13.50000075
talia Lafourcade,13.50000075
Rick Live,13.50000075
Nemir,13.50000075
Nicky Romero,13.50000075
Band Aid 30,13.50000075
Austyn Johnson,13.50000075
Rick James,13.50000075
alt-J,13.50000075
Bilal Wahib,13.50000075
BLOODY VINYL,13.50000075
BM,13.50000075
YG Pablo,13.50000075
YOVNGCHIMI,13.50000075
YTB Trench,13.50000075
Richard O'Brien,13.50000075
Yo-Yo Ma,13.50000075
Baco Exu do Blues,13.50000075
Patricia Quinn,13.50000075
Flo Rida,13.000045
Eliza Rose,13.0000405
Interplanetary Criminal,13.0000405
Timbaland,13.000018
Nelly Furtado,13.000018
The Commanders,13.0000025
Louis Armstrong,13.0000025
Jessica Rothe,13.000002
DJ Dahi,13.000002
Ugly God,13.000002
Luche,13.000002
Callie Herndez,13.000002
Sonoya Mizuno,13.000002
Jaden,13.000002
Mata,13.000002
PnB Rock,12.000024
Gabriel Diniz,12.000018
Mozzik,12.000015
Backstreet Boys,12.0000045
Lil Duke,12.000003
Luis Miguel,12.000003
El Profesor,12.000003
Lit Killah,11.50003375
Chlöe,11.50002625
Avine Vinny,11.0000375
Capo Plaza,11.000005
Sonus030,11.000005
Sa4,11.0000045
Fridayy,11.000004
K CAMP,11.000004
Ayra Starr,10.00002
Killer Mike,10.000005
Maes,10.000005
Isabel LaRosa,10.000005
Kungs,9.50010075
Foster The People,9.0000075
Cordae,9.0000075
Tom Petty and the Heartbreakers,9.000006
Afrojack,8.50004725
Jorge & Mateus,8.487382712
Brett Eldredge,8.000104
Vargas & Lagola,8.000022
Agnes,8.000022
Simone & Simaria,8.00001
Sunday Service Choir,8.000007
Fred Hammond,8.000007
Master KG,7.000046
MC G15,7.000023
Marco Mengoni,7.000008
Fero47,7.000008
Bozza,7.000008
Charlie Charles,7.000008
Fivio Foreign,6.0000225
Zak Abel,6.00001
CRO,5.50000875
Boef,5.50000875
Vicetone,5.00003
Tony Igy,5.00003
The Rudeboyz,5.000025
Nardo Wick,5.0000225
Erica Banks,5.00001
Nina Chuba,5.00001
Ultimo,5.00001
Tokischa,5.00001
Emilia,4.000018
La La Land Cast,4.000015
twocolors,4.000011
Yandel,3.891870753
DNCE,3.0000775
Michelle Williams,3.0000675
Blue Ivy,2.000013
Bahari,1.000014
omi Scott,1.000014
Andy Grammer,0.50005425
P!nk,0.182149643
Jax Jones,0.145879744
Kris Kross Amsterdam,-0.9999225
50 Cent,-0.999955
Brytiago,-1.380999902
NAV,-2.9999825
Duncan Laurence,-3.235590542
Liz Gillies,-3.49995975
beabadoobee,-3.847291367
Achille Lauro,-3.999981
Vince Staples,-4.99998
The Neptunes,-4.9999825
Sasha Sloan,-5.999979
Bobby Shmurda,-6.9999595
Eno,-6.999972
Tyla Yaweh,-7.49997625
Shindy,-7.999965
Sefo,-7.999977
Smokepurpp,-8.999975
Tove Lo,-8.9999805
The Cranberries,-8.9999805
Mike Perry,-9.49996125
Bausa,-12.49994225
Jennifer Lopez,-12.49996325
Don Omar,-12.99994551
Mark Morrison,-14.9999535
Cazzu,-17.64936412
Dj Olliver,-17.999945
DJ Patrick Muniz,-17.999945
Mc Topre,-17.999945
Metallica,-17.9999505
DJ Luian,-20.66236531
Mambo Kingz,-20.66236531
Playboi Carti,-21.64601495
Bianca,-23.49996125
Nightcrawlers,-23.81150207
Nipsey Hussle,-28.9999625
Zedd,-31.11446642
Flume,-31.49995125
Nick Jos,-31.49996625
Cheat Codes,-37.00170735
The Chainsmokers,-38.83095752
James Bay,-39.999938
Justin Timberlake,-42.68380432
Juju,-44.999944
Bastille,-50.36494535
Bradley Cooper,-50.69864217
MØ,-53.49984325
Wisin & Yandel,-54.96926952
Gzuz,-55
Nirvana,-62.83080087
TOTO,-70.62982525
Sam Hunt,-74
Big Sean,-77.37702353
Tainy,-80.39356687
SAINt JHN,-81.40312877
Shawn Mendes,-84.01803067
John Legend,-89.36098468
Conan Gray,-90.15656656
Nicki Nicole,-90.99994438
Silk Sonic,-92.72178164
Rudimental,-93.21489859
Chance the Rapper,-95.25859081
Ty Dolla $ign,-95.57586806
Pharrell Williams,-98.32191399
Arizo Zervas,-98.73927169
Arcangel,-99.25670068
Steve Aoki,-100.4539755
MEDUZA,-102.1747102
Apache 207,-102.4869649
Oasis,-105.6738764
Maren Morris,-106.5783984
Tones And I,-107.9034922
Katy Perry,-110.8244282
Zé Felipe,-111.3094846
Twenty One Pilots,-120.8124404
RAF Camora,-127.6438638
George Ezra,-129.8186938
Martin Jensen,-133
Little Mix,-137.6923074
Gigi D'Agostino,-138.2679686
Dynoro,-138.2679686
Queen,-142.9148697
Maroon 5,-143.8521883
Wiz Khalifa,-144.4214577
Surf Curse,-159.9484364
Juhn,-169.4866705
Grey,-181.2825642
Lil Baby,-182.9826969
AJR,-187
Brray,-188.3175995
Halsey,-198.1506196
A$AP Rocky,-214.5771793
Martin Garrix,-216.2409669
Daddy Yankee,-228.1865044
Wisin,-238.8251522
David Bowie,-256.37852
DJ Snake,-259.7336137
Trevor Daniel,-286.9845522
Lil Tecca,-288.4562377
Offset,-302.5918659
Major Lazer,-305.1219502
Rae Sremmurd,-314.6121425
Piso 21,-319.5896353
Lenny Tavárez,-326.8470523
YG,-349.4541387
Alessia Cara,-360.9474903
Nicky Jam,-365.8516609
Alec Benjamin,-369.1542348
Natti Natasha,-369.7352694
Mora,-370.7117259
Samra,-371.8629129
Ryan Lewis,-373.8815253
Ray Dalton,-373.8815253
Danny Ocean,-389.3086531
XXXTENTACION,-389.770521
G-Eazy,-397.0086659
Kodak Black,-397.113647
Luy,-401.0037733
Lil Peep,-404.2352865
Gusttavo Lima,-421.8566649
Dan + Shay,-473.4478118
Charlie Puth,-482.6306061
Sech,-490.7334667
Måneskin,-506.7141896
Polo G,-532.6688951
Internet Money,-532.8546912
Powfu,-533.3340414
Luis Fonsi,-538.2571658
Mustard,-539.0982368
Mabel,-560.9913109
Fleetwood Mac,-584.787234
Enrique Iglesias,-600.3342079
Ali Gatie,-607.8491525
J Balvin,-633.803314
Harry Styles,-701.7083707
Migos,-720.8029638
Darell,-741.2559115
JP Saxe,-749.7601907
Clean Bandit,-756.265449
Cris Mj,-787.4027446
6LACK,-798.017761
Topic,-973.8126956
A7S,-973.8126956
Dímelo Flow,-988.2368096
Wesley Safadão,-1006.429374
Mark Ronson,-1036.929473
Camilo,-1059.747394
5 Seconds of Summer,-1059.836178
Pedro Capó,-1135.775765
Dominic Fike,-1152.96792
Prince Royce,-1233.184687
Giveon,-1242.815987
Henrique & Juliano,-1465.154655
Rita Ora,-1766.903652
Pop Smoke,-2194.347557
Bazzi,-2434.808421
Lil Wayne,-2984.67347
Kane Brown,-3588.636009
