Artist,Total Points 2024
21 Savage,155699.28
AJR,171.73691
Adele,41614.582
Alan Walker,175.04984
Alessia Cara,149.77216
Alok,4745.868
Aminé,867.05334
Andy Grammer,157.41168
Anne-Marie,29559.342
Ariana Grande,50641.344
BIA,8338.422
Bebe Rexha,65096.332
Big Sean,11540.663
Bipolar Sunshine,7668.373
Bruno Mars,18788.771
Bruno Martini,26558.879
CNCO,2318.517
Calum Scott,7630.824
Calvin Harris,55611.344
Carlos Vives,24363.092
Cashmere Cat,11756.82
Chance the Rapper,9135.367
Charlie Puth,13292.437
Charly Black,5871.949
Cheat Codes,12235.818
Childish Gambino,673.4563
Chino & Nacho,4904.4707
Clean Bandit,7297.322
Coldplay,87142.4
DJ Snake,7361.4604
DNCE,6706.4736
Daddy Yankee,25987.162
Daft Punk,60370.457
Dakota,3281.146
Dante Klein,9497.618
David Guetta,95406.16
Desiigner,11190.421
Drake,155650.47
Dua Lipa,52440.457
Dyo,18190.512
Ed Sheeran,106359.41
El Chacal,14536.402
Emily Warren,14526.663
Eminem,115504.125
Enrique Iglesias,17731.46
FRENSHIP,5378.4985
Farruko,25204.695
Fetty Wap,8619.477
Fifth Harmony,26053.836
Flo Rida,7858.829
Flume,2773.141
Future,56068.387
G-Eazy,1951.067
Galantis,16292.51
Gente De Zona,15255.088
Grey,11247.351
Gucci Mane,35193.484
Hailee Steinfeld,1561.6874
Halsey,4123.9604
Hearts & Colors,32817.33
Hook N Sling,14185.123
IAmChino,14536.402
J Balvin,5126.9395
J. Cole,36871.883
JAY-Z,5629.8677
JP Cooper,30061.203
James Arthur,5726.4434
James Bay,6091.255
John Legend,3363.0713
Jon Bellion,20103.115
Jos Blue,21573.996
Justin Bieber,94441.71
Justin Timberlake,6024.851
KREAM,11200.379
KYLE,1685.0437
Kanye West,11711.342
Kendrick Lamar,-762.5303
Kiiara,7152.965
Kris Kross Amsterdam,9833.391
Kungs,1484.474
Kygo,3078.5723
Kyla,2535.544
Labrinth,19010.414
Lil Uzi Vert,46097.08
Lil Wayne,3602.497
Little Mix,1774.0211
Louis Tomlinson,1272.6284
Lukas Graham,-36.7905
Luke Christopher,14782.51
MC G15,2541.8152
Machine Gun Kelly,3469.2756
Macklemore & Ryan Lewis,18755.832
Major Lazer,2205.4326
Maluma,60.066044
Mark Morrison,268.19827
Mark Ronson,5815.1265
Maroon 5,913.58936
Martin Garrix,1392.7336
Martin Jensen,86.305176
Matoma,20219.613
Metro Boomin,154275.97
MiC LOWRY,16936.32
Michael Jackson,496.96353
Migos,27233.174
Mike Perry,9615.348
Mike Posner,19790.973
MØ,180.0484
NEIKED,34005.434
Nevada,7236.4756
Niall Horan,6464.7803
Nicki Minaj,26397.453
Nicky Jam,2722.2676
Noah Cyrus,6400.5293
Ozuna,68896.33
Petit Biscuit,12638.1875
Pharrell Williams,9986.746
Phoebe Ryan,17226.625
Piso 21,139.19144
Post Malone,70806.484
Queen,7359.9395
RAYE,57203.4
Rae Sremmurd,24130.139
Rag'n'Bone Man,21605.617
Ricky Martin,1952.811
Rihanna,34698.35
Rob $tone,7805.411
Robin Schulz,15131.888
Sage The Gemini,14640.951
San Holo,26426.227
Sean Paul,4683.807
Sebastian Yatra,4181.7407
Shakira,158524.53
Shawn Mendes,10378.019
Shelley FKA DRAM,15389.139
Sia,25805.803
Skrillex,3639.8843
Sky Rompiendo,5577.2007
Starley,34179.098
Steve Aoki,5461.5596
Stevie Wonder,1275.9884
Taylor Swift,393564.16
Thalia,19144.201
The Chainsmokers,1730.9822
The Jackson 5,1498.4813
The Vamps,20219.613
The Weeknd,423095.3
Travis Scott,39028.258
Twenty One Pilots,1673.1392
Vice,17552.57
Wisin,52121.414
WizKid,5837.887
XYLØ,19599.71
Young Thug,18394.762
ZAYN,20180.648
Zara Larsson,242.70393
Zay Hilfigerrr,3770.7114
Zayion McCall,3770.7114
Zedd,132.1303
Zeeba,26558.879
Zion & Lennox,14875.731
gnash,8486.519
kai,3752.6895
CMC$,25913.57
DVBBS,25913.57
Hozier,2130.2505
Lady Gaga,19498.426
Milky Chance,2947.8022
Mura Masa,8491.926
Nate Dogg,8376.912
Passenger,1670.45
Sam Smith,74626.016
Selena Gomez,67792.17
The Killers,23062.09
99 Percent,25284.602
Isaiah Firebrace,25069.145
Chris Brown,81962.21
A$AP Rocky,1036.1018
Rudimental,9150.687
Skehips,14890.3
Tyga,21268.875
Don Omar,3199.602
Jax Jones,34366.36
A R I Z O N A,6609.4575
Tiësto,17665.982
Lauv,11607.855
Luis Fonsi,-502.937
Olivia Holt,14964.877
Stanaj,24025.408
Emma Stone,13171.644
Ryan Gosling,13200.388
Julia Michaels,104.71332
PnB Rock,659.4943
Oasis,377.4123
John Mayer,4350.152
Imagine Dragons,93079.09
Quavo,6073.42
Anuel AA,26114.955
PARTYNEXTDOOR,16811.316
James Blunt,20793.686
Cali Y El Dandee,1132.2605
Cosculluela,328.94986
Beyoncé,68147.3
Kodak Black,2657.8984
Khalid,46289.156
Sam Hunt,3434.6873
Aaron Carter,24625.424
Alesso,893.42596
Journey,-2510.9336
Axwell /\ Ingrosso,17841.709
Katy Perry,1343.7042
Kid Ink,4062.1094
Skip Marley,30294.941
Burak Yeter,21467.36
Danelle Sandoval,21467.36
Sabrina Carpenter,30629.941
XXXTENTACION,7187.5586
BTS,36595.734
Marian Hill,10776.153
Ellie Goulding,37625.438
The Goo Goo Dolls,3358.192
DJ Khaled,8436.49
Danny Ocean,18861.959
Linkin Park,5794.295
V,4975.424
Bag Raiders,20924.473
Lana Del Rey,58122.83
Jason Derulo,8629.521
Stormzy,11540.152
MC Kevinho,3589.315
Shaggy,2786.9175
Ayo & Teo,11426.486
MAX,3425.3105
Morat,2767.961
Lorde,12572.055
Gryffin,4890.78
ILLENIUM,23255.738
cho,40972.9
Astrid S,3542.6514
P!nk,3365.945
Pitbull,5000.5244
Frank Ocean,692.83453
MNEK,8403.641
2 Chainz,6539.581
Black Coffee,21542.148
Chuck Berry,3691.12
Giggs,54033.406
Jorja Smith,8531.098
Sampha,16393.438
Gorillaz,10124.291
Prince Royce,16865.795
Logic,1747.0472
Maggie Lindemann,35050.758
Arcangel,28740.822
Chris Jedi,19239.584
Florida Georgia Line,3237.4854
Harry Styles,144175.75
Jhené Aiko,994.03973
blackbear,3815.026
French Montana,6837.866
Swae Lee,13301.676
Lord Huron,573.5539
A Boogie Wit da Hoodie,14.26087
Lil Yachty,2883.8447
Paramore,12865.456
Yandel,66298.45
Playboi Carti,5519.603
Fall Out Boy,2511.0603
OneRepublic,75802.33
Juicy J,2023.4287
William Singe,39280.86
Fleetwood Mac,232.0032
Miley Cyrus,119037.41
Alex Aiono,3908.226
Felix Jaehn,17568.553
Hight,3908.226
Ofenbach,17764.895
Anitta,27059.549
Camila Cabello,45071.145
Gavin James,18409.863
Liam Payne,33.650005
Bad Bunny,421474.25
Shawn Hook,15656.872
Vanessa Hudgens,15656.872
I Wroldsen,12881.268
Rita Ora,16724.309
Troye Sivan,11445.494
Manuel Turizo,103193.516
Jowell & Randy,32058.234
Ella Eyre,2969.732
ItaloBrothers,13030.596
SZA,163941.28
Sigala,925.1472
Macklemore,19234.725
Trey Songz,20824.48
Ty Dolla $ign,5719.569
Offset,620.1329
Moon Taxi,22882.545
"Tyler, The Creator",23682.59
Willy William,15521.365
Maren Morris,6321.9023
Thomas Rhett,3412.3027
Kesha,25.229454
Jennifer Lopez,633.4922
C. Tanganana,16857.15
LANY,6316.382
Demi Lovato,8142.6147
Portugal. The Man,4373.1963
The Script,1155.5533
Vance Joy,25176.781
Bonez MC,1938.7644
Gzuz,551.70685
RAF Camora,2564.2249
Cash Cash,9215.976
Romeo Santos,28054.705
Yo Gotti,12429.338
Becky G,26156.89
Maite Perroni,1522.0422
Charli XCX,7573.409
Dimitri Vegas,10026.952
Dimitri Vegas & Like Mike,10026.952
Poo Bear,14050.301
Cardi B,1867.2335
Abraham Mateo,12015.572
Christian Daniel,12015.572
Pabllo Vittar,8713.76
6LACK,25153.352
Rvssian,24453.736
KAROL G,161134.61
Avicii,-1684.848
Marshmello,36082.734
Sandro Cavazza,2745.399
Wiz Khalifa,1018.5505
DJ Luian,18559.516
Mambo Kingz,18559.516
Miguel,46117.68
Alex Sensation,26510.715
Tay-K,21395.895
Kelly Clarkson,6397.9062
Lil Pump,29672.365
Natti Natasha,9237.188
Joey Monta,25697.395
Jesse & Joy,17688.078
A$AP Ferg,3376.263
Earth,396.61
Quintino,7561.9795
R3HAB,10895.286
Wind & Fire,396.61
Justin Jesso,31573.662
Stefflon Don,23149.14
Kane Brown,9380.227
NF,6646.0137
Rich The Kid,17104.688
Big Shaq,20545.277
Bausa,5672.4243
Daya,9907.139
De La Ghetto,24372.91
Digital Farm Animals,643.9839
Dalmata,17223.84
AC/DC,107.0427
N.E.R.D,24966.82
Afrojack,207.7004
Nego do Borel,46823.25
Lil Xan,20831.059
Bastille,3729.3525
Famous Dex,36554.29
Mariah Carey,11774.48
6ix9ine,25324.34
Lil Peep,-38.875145
Diplo,12928.248
Wham!,8464.631
YBN hmir,10587.573
Jason Mraz,794.7891
Andy Williams,6442.6587
Brenda Lee,7957.1206
Michael Bublé,14475.8545
Band Aid,3718.921
Frank Sinatra,3601.2986
Bing Crosby,5040.729
John Lennon,3941.6472
John Scott Trotter & His Orchestra,3410.4543
José Feliciano,5620.4136
Ken Darby Singers,3410.4543
The Harlem Community Choir,4175.6685
The Plastic Ono Band,4175.6685
Yoko Ono,3941.6472
Chris Rea,3538.1116
Paul McCartney,3609.71
Shakin' Stevens,3913.2534
The Pogues,1218.016
Burl Ives,4701.0415
Elvis Presley,1812.2672
John Williams,566.27203
Mykola Dmytrovych Leontovych,566.27203
Nat King Cole,10585.05
Pentatonix,275.3166
Perry Como,5544.1724
The Fontane Sisters,5438.0728
Eartha Kitt,1300.6847
Henri Rene & His Orchestra,1765.5498
Trippie Redd,2882.615
Britney Spears,13592.808
Elton John,54882.25
Daryl Hall & John Oates,725.64435
Kylie Minogue,432.01187
Meghan Trainor,22150.59
Drew Love,11675.44
Juan Magán,23289.58
MC Fioti,28610.53
Bobby Helms,7557.0615
Maejor,13125.822
Mc Zaac,4121.725
Wolfine,36319.133
Huncho Jack,49153.9
Takeoff,1395.5693
The Beach Boys,3850.4006
The Ronettes,4774.1455
*NSYNC,654.3597
Boney M.,157.65219
Bruce Springsteen,1215.1968
Gwen Stefani,2702.7947
Idina Menzel,1050.7308
Leo Lewis,491.12643
Darlene Love,2936.7976
Dean Martin,6858.6855
Eagles,837.1355
Frank Sitra,3075.0737
George Ezra,27.828413
Tony Bennett,293.1788
Quality Control,13147.487
B-Case,13288.54
Belinda,13288.54
Keala Settle,5802.7695
Snova,13288.54
Zac Efron,6330.7607
Zendaya,18295.582
Hugh Jackman,20456.273
Lucenzo,9387.395
TOTO,750.27075
Loren Allred,7239.7417
Michelle Williams,8974.551
Ziv Zaifman,8693.248
Daniel Everidge,4470.77
Lil Skies,13172.187
Jay Rock,31971.527
BloodPop®,14007.387
Jeon,27661.854
Ramz,6859.489
Sfera Ebbasta,5003.5117
Bazzi,5087.1787
Almighty,1431.7097
CHVRCHES,24751.932
Red Velvet,13064.697
BlocBoy JB,9785.787
SOB X RBE,15438.422
ScHoolboy Q,10272.981
Sofía Reyes,1042.0096
Reik,-2.7061958
Tom Walker,9204.424
5 Seconds of Summer,10681.98
Brooks,5619.0312
Tory Lanez,16463.598
Leslie Grace,4139.3477
Mau y Ricky,45448.18
Slim Jxmmi,28900.047
j-hope,9327.148
Years & Years,8717.974
YoungBoy Never Broke Again,3764.568
Dennis Lloyd,35763.684
King Princess,15112.954
Lil Dicky,8203.648
Cazzu,30696.332
Duki,15849.927
KHEA,12128.226
Paulo Londra,16894.072
Panic! At The Disco,12968.137
Dan + Shay,3320.9697
Madison Beer,6356.2173
Gesaffelstein,34289.95
Zé Neto & Cristiano,5171.0146
YG,124.77665
Bomba Estéreo,43685.008
NOTD,11064.227
Florence + The Machine,11376.211
Casper Magico,9380.972
Darell,7470.003
Jorge & Mateus,1392.142
Nio Garcia,47389.727
Noriel,1539.5453
Paloma Faith,12115.113
Lary Over,14504.393
Luis Figueroa,14504.393
Billie Eilish,41837.69
Dagny,7316.667
Seeb,1128.1123
Banx & Ranx,10004.311
Capital Bra,3533.3271
Mason Ramsey,2383.9048
Ufo361,1316.5348
Lenny Tavárez,24801.744
Fedez,6224.911
Jess Glynne,3386.8958
LSD,29340.977
Alvaro Soler,21100.188
Arctic Monkeys,127811.305
Juice WRLD,4202.112
Lil Baby,7590.1724
Dzeko,33984.324
Preme,33984.324
Brando,35288.023
Brytiago,31935.812
Loud Luxury,17846.945
Era Istrefi,15582.827
Will Smith,12274.09
Matheus & Kauan,1248.5703
DJ SpinKing,7876.0728
Wesley Safadão,10698.993
The 1975,2009.0767
Jack & Jack,35198.734
Summer Cem,1671.4001
Louis The Child,14040.145
BLACKPINK,53046.445
070 Shake,57358.406
Ella Mai,16369.202
Ski Mask The Slump God,1006.7468
The Carters,38227.46
PNL,7111.754
Alec Benjamin,1034.8047
Dynoro,12646.437
Gigi D'Agostino,12646.437
Justin Quiles,5700.3013
Meek Mill,3748.3333
benny blanco,15650.514
Alex Rose,2076.2551
Rauw Alejandro,111445.39
Elley Duhé,3445.8188
Dean Lewis,10992.154
Zion,20682.45
Aitana,1355.1511
Au/Ra,15630.758
The Boy Next Door,12056.047
Tomine Harket,15630.758
Mac Miller,1124.0306
Smokepurpp,141.62598
Sheck Wes,882.4522
Armin van Buuren,7830.539
Jessie Reyez,28313.46
Young Stoner Life,10218.66
Lele Pons,22232.371
a-ha,16145.664
Bring Me The Horizon,12436.008
Bryce Vine,23767.379
Why Don't We,5679.792
"Royce Da 5'9""",40009.316
Lil Mosey,12521.511
Silk City,21896.074
Flipp Dinero,25840.506
Gun,18856.86
Joji,62469.242
Loreda,661.20496
Mozzik,1276.2076
Marília Mendonça,16582.16
Avril Lavigne,21921.295
BROCKHAMPTON,2286.9402
SCH,18087.826
Ava Max,34115.645
Bradley Cooper,1271.6794
Sophia Somajo,4112.7393
Swizz Beatz,55519.984
Anderson .Paak,16988.516
Bobby Shmurda,648.63135
Lennon Stella,4362.7485
Bryant Myers,8603.958
Kevin Roldan,8601.881
Marc Anthony,11339.143
KitschKrieg,2494.2483
RM,7622.3027
Felipe Araújo,7355.848
Ferrugem,7355.848
Normani,-193.9276
Luciano,12183.496
David Bowie,574.57513
(G)I-DLE,8181.9355
Jaira Burns,4742.053
K/DA,5757.7715
Camilo,45316.04
Pedro Capó,6773.076
JENNIE,10709.858
Samra,2308.9224
Wisin & Yandel,15432.31
MERO,8090.459
Brett Eldredge,784.68695
Liz Gillies,130.41403
Roddy Ricch,16047.633
Murda Beatz,434.12274
H.E.R.,432.55228
Winona Oak,37622.223
Haze,24190.39
Kelsea Ballerini,10592.34
Whitney Houston,37300.36
Henrique & Juliano,1050.2549
MC Kevin o Chris,6175.5586
SHAED,21624.46
Lewis Capaldi,39885.797
Kehlani,13203.006
Micro TDH,22295.227
Shindy,532.52423
Captain Cuts,19129.734
Georgia Ku,19129.734
Mustard,25632.03
Blueface,16071.694
Shirin David,612.48193
Snow,5317.7773
Dominic Fike,1308.4268
Mabel,6965.5
The Rudeboyz,8147.3545
Disclosure,15951.993
Eno,3406.7698
Loote,12644.906
Mahmood,6552.038
Alicia Keys,12651.327
The Police,9580.52
YNW Melly,38541.914
ChocQuibTown,6863.5967
KC Rebell,2478.9128
Valerie Broussard,2425.1719
YUNGBLUD,41.193783
Amezzy,17842.887
Chencho Corleone,65788.305
Rafa Pabön,10835.039
Dermot Kennedy,21.607187
Ninho,3246.137
Tropkillaz,13085.656
Calboy,17545.377
Summer Walker,11516.842
Jonas Brothers,846.49457
Aaron Smith,10134.595
Dalex,4777.121
Feid,336988.38
Sech,919.64465
TOMORROW X TOGETHER,19647.805
Lil Nas X,6180.678
Gaby Music,25326.352
Luy,143.97931
FLETCHER,16636.12
Myke Towers,29802.145
Paloma Mami,14182.87
Tame Impala,4554.3457
Gaullin,12549.145
El Guincho,44196.074
ROSALÍA,86147.86
Nipsey Hussle,620.93353
Aventura,42715.445
Aloe Blacc,70940.125
Nimo,255.00421
Guaya,16888.781
Goodboys,7508.058
MEDUZA,401.45056
Polo G,40515.85
TWICE,10604.151
Lizzo,42347.883
DaBaby,11477.876
RIN,6297.1045
Kina,6861.4907
Juju,3213.4353
Luke Combs,14905.314
Zhavia Ward,25789.018
Duncan Laurence,3516.8657
Jhay Cortez,95769.39
Chelsea Cutler,33346.484
Joyner Lucas,4407.0117
NLE Choppa,27903.422
Tainy,47375.414
Lil Tecca,6012.911
A Touch Of Class,27282.193
Ali Gatie,30709.867
Blanco Brown,15216.52
Ashley O,26499.957
Jos Brothers,1182.04
Y2K,20233.258
bbno$,14993.436
Sam Feldt,19840.094
Daniel Caesar,1600.949
Afro Bros,19867.762
Lazza,25947.266
Like Mike,19867.762
tha Supreme,5300.934
Jeremy Zucker,9863.598
Billy Ray Cyrus,19453.408
Dayvi,7562.254
Kelly Ruíz,7562.254
Victor Cardes,1438.0952
Tones And I,5980.962
SAINt JHN,23295.422
MadeinTYO,33873.53
Residente,2829.925
Lil Durk,27460.373
Megan Thee Stallion,11805.85
Saweetie,25329.705
WOS,10687.079
Bizarrap,121692.92
Nicki Nicole,8730.867
Apache 207,7552.6484
Luan Santana,2059.6816
Lil Tjay,9433.994
Dímelo Flow,5388.5747
Lalo Ebratt,28732.424
Regard,14603.394
Melanie Martinez,16974.479
LEA,45879.42
Rich Music LTD,29192.5
Felipe Origil,5331.717
JS o Mão de Ouro,8136.649
24kGoldn,27638.297
Ezhel,4069.7793
Gambi,3238.7168
TINI,28609.648
Black Eyed Peas,1327.9672
Becky Hill,5939.168
Burna Boy,8658.45
Dadá Boladão,9737.904
OIK,9737.904
Tati Zaqui,9737.904
Internet Money,14317.771
Rex Orange County,4152.312
Arizo Zervas,5792.8525
Lexa,6069.4624
Christian Nodal,5688.5366
Ant Saunders,27502.25
Doja Cat,21175.96
Oliver Heldens,12420.393
Riton,3026.5168
Adria Proenza,6146.421
JP Saxe,7755.793
KSI,9180.071
Juhn,3336.7954
Trevor Daniel,9795.553
Luísa Sonza,6539.192
AURORA,17892.016
Gradur,16695.96
Heuss L'enfoiré,16695.96
Don Toliver,17858.994
SUGA,12501.041
PEDRO SAMPAIO,12578.942
Conan Gray,5408.706
JACKBOYS,48044.79
Pop Smoke,75168.26
Guilherme & Benuto,2968.7627
Gusttavo Lima,4205.776
Olivia Rodrigo,11908.756
TOKYO'S REVENGE,7849.452
Jul,7920.1777
Miksu / Macloud,5338.589
Mila,6843.7363
Thiaguinho MT,6843.7363
Surfaces,38928.51
VIZE,6394.8223
Jack Harlow,6599.6074
London On Da Track,31523.094
Powfu,19437.41
Stun 4 Vegas,10255.644
beabadoobee,7460.17
Ashe,21608.916
G Herbo,14191.904
Kendo Kaponi,15038.449
Mora,19223.635
Yaviah,16403.227
Ñengo Flow,18931.904
BENEE,45772.54
Gus Dapperton,45528.664
PUBLIC,9758.578
ITZY,6532.3213
DripReport,25343.004
A7S,49073.758
Topic,49073.758
Sub Urban,1244.0492
Surf Mesa,41518.984
Rod Wave,6064.5317
Tony Igy,12027.436
Vicetone,12027.436
Evaluna Montaner,12323.729
Kid Cudi,335.91592
Sam Fischer,3891.0122
J. Rey Soul,30965.566
THE SCOTTS,30486.09
KEVVO,6755.7593
Lyanno,28200.691
Snoop Dogg,26724.207
StaySolidRocky,39491.445
IU,29760.994
El Alfa,1467.1162
Fousheé,2509.8694
Sleepy Hallow,25228.168
Natalie Taylor,4610.752
S1mba,9915.129
Brray,28791.555
Juanka,38607.113
Pashanim,145.20668
Agust D,52647.727
Alexander 23,7969.4287
Kim Petras,62110.508
Niack,13825.408
Harry Nach,32126.873
Conkarah,29377.195
Jawsh 685,16826.77
Nea,26057.736
The Kid LAROI,57630.195
Tyla Yaweh,24684.223
Peach Tree Rascals,10088.004
Wallows,11553.269
Curtis Waters,26381.299
DJ Nelson,6970.0156
Jay Wheeler,19042.998
Aya kamura,34817.14
Jamule,1325.0333
Tom Gregory,4455.558
iann dior,14893.359
WILLOW,41763.71
Juanfran,3356.589
Wes,13380.53
Tate McRae,17736.672
Joel Corry,99677.36
Tina Turner,8718.205
Headie One,33954.977
One Direction,22880.76
TATOOL,45377.41
Taiu,38183.883
Trueno,19471.61
BØRNS,15024.835
Jos Esticado,5501.6016
Glass Animals,46532.484
SFR,6015.378
Jone Quest,22409.682
Super Yei,22409.682
Morgan Wallen,66595.91
BANNERS,8186.576
Jerry Di,18190.805
The Neighbourhood,52376.316
13 Organisé,24362.604
Elams,24362.604
Houari,24362.604
Kofs,24362.604
Naps,3165.4922
Solda,24362.604
Soso Maness,7722.5024
Bea Miller,24478.707
WhoHeem,24732.871
salem ilese,18622.104
Master KG,6778.897
Os Barões Da Pisadinha,8317.26
Money Man,13630.27
Vedo,25317.062
Matuê,8620.922
Quarterhead,13944.424
Ritt Momney,26661.775
Ashnikko,22787.297
Stray Kids,5827.163
Maiara & Maraisa,322.15094
Dilsinho,21288.398
MC Rogerinho,2517.2725
Clairo,14573.343
Los Legendarios,51757.508
Nelly Furtado,48.471985
Timbaland,48.471985
CORPSE,428.3981
Savage Ga$p,2392.339
HVME,51587.723
Imanbek,12279.574
CJ,36285.97
Octavian,17829.082
Skepta,17829.082
Pink Sweat$,18885.555
Angèle,330.3017
Jhayco,5051.5654
Xand Avião,34065.625
La Húngara,11665.189
Niño de Elche,11665.189
Ángela Aguilar,9819.609
Nuka,8669.37
Alico,4895.035
Migrantes,26720.973
347aidan,4059.0835
Boza,486.65497
Nathy Peluso,10349.225
Ella Henderson,5526.0347
Tarcísio do Acordeon,1902.4607
Mother Mother,12959.143
Nirvana,1679.125
DJ Lucas Beat,7826.006
Fernando & Sorocaba,2666.919
Zé Felipe,12577.489
Milly,17767.297
Sara Kays,4680.573
Masked Wolf,3081.2822
Kawe,1089.1748
Bruno & Marrone,11467.073
Diego & Victor Hugo,1418.6772
DJ Ivis,25432.041
ATB,32196.053
Hugo & Guilherme,3795.4312
Nathan Evans,21453.658
Giveon,24330.432
Nightcrawlers,3759.7578
Rochy RD,26813.553
Willow Sage Hart,13115.182
Mc Danny,719.9533
Kali Uchis,91573.516
Gotye,1345.9617
Kimbra,1345.9617
Clinton Kane,11937.58
Raí Saia Rodada,12702.1875
ElyOtto,15685.244
Pooh Shiesty,10946.219
Gym Class Heroes,15665.219
Lit Killah,10385.124
Maria Becerra,8717.522
Rusherking,10470.446
Silk Sonic,16525.926
Tiago PZK,26725.36
Israel & Rodolffo,11857.002
Måneskin,8394.034
Flow La Movie,29877.826
L-Gante,8266.261
ROSÉ,44174.516
Mariah Angeliq,31067.748
Malu,14438.314
Beach Bunny,13415.712
MARINA,12601.239
Tom Odell,62888.85
Dj GBR,16891.5
Mc Don Juan,1693.6018
Russ Millions,21456.578
Tion Wayne,21456.578
Beéle,1470.0125
Dj Guuga,10191.375
Mainstreet,5220.2754
Majestic,22093.953
Neo Beats,13505.601
Gera MX,29818.754
ENHYPEN,2211.7153
Surf Curse,10868.523
Baby Keem,31728.94
Tom Grennan,17574.977
StarBoi3,21714.69
Mc Davi,2538.1523
Mc Pedrinho,10248.701
Mr. NaisGai,36359.766
Crissin,32253.69
Natan & Shander,32253.69
Totoy El Frio,32253.69
Bella Poarch,35065.742
sangiovanni,9315.892
$NOT,13491.577
Cochise,20124.092
Luar La L,15120.689
Matheus Fernandes,7367.925
Justin Wellington,25254.816
Small Jam,25254.816
Chimbala,22012.117
Trinidad Cardona,37628.117
Eladio Carrion,45757.266
Bo Burnham,13744.738
Vegedream,415.3354
BLANCO,5242.6216
MC Rick,11425.526
MC Zaquin,11425.526
MYA,21309.758
BANDIDO,19035.467
Chase Atlantic,5933.4614
Mari Ferndez,6829.085
João Gomes,1850.6703
Sarah Cothran,5553.774
Marc Seguí,22421.846
Pol Granch,22421.846
Shouse,60488.938
Jamie Miller,14731.496
dhruv,24370.826
Dave,12992.471
mc jhenny,7237.7056
Vitor Ferndes,11921.189
Emilia,707.41833
Ingratax,28789.203
Smiley,32142.947
Walker Hayes,7251.3135
Blxst,14892.867
PinkPantheress,61573.85
Rels B,15025.047
Marcynho Sensação,15136.836
LIT killah,23007.229
Montez,14492.5
Ruth B.,42916.57
Sefo,28485.027
Steve Lacy,73791.14
Tai Verdes,18777.547
Asees Kaur,30883.725
Jubin utiyal,2250.567
Tanishk Bagchi,2250.567
A-Wall,13309.705
B Praak,21168.402
Jasleen Royal,21168.402
John Amplificado,49703.895
Lost Frequencies,12997.033
Coolio,2186.3865
L.V.,2186.3865
zzoilo,28693.332
THE ANXIETY,26027.477
Tyler Cole,26027.477
Oliver Tree,29915.674
Calibre 50,11808.139
DannyLux,11416.806
Eslabon Armado,57945.758
Central Cee,17146.025
Chlöe,20649.52
DJ PH DA SERRA,21612.957
Dj Lv Mdp,21612.957
LISA,6944.1646
Mc Anjim,21612.957
CKay,67926.61
$uicideboy$,24666.207
Skylar Grey,84444.95
Gabry Ponte,12968.494
LUM!X,12968.494
Prezioso,12968.494
Teto,3643.447
girl in red,2913.5852
MKTO,21433.816
Avine Vinny,38055.625
Ivan Cornejo,26577.768
DJ Patrick Muniz,29621.812
Dj Olliver,29621.812
Mc Topre,29621.812
Jaymes Young,37178.695
The Walters,5697.299
George Michael,8895.453
Felipe Amorim,2877.0752
BoyWithUke,33521.34
Siouxxie,9369.799
SEVENTEEN,16869.264
Swedish House Mafia,34039.77
Benson Boone,13214.107
ACRAZE,25587.408
Cherish,25587.408
Amaarae,24127.305
Paulo Pires,6589.715
JIN,3658.5388
GAYLE,47526.508
The Rare Occasions,18279.04
Blessd,4084.4802
George Henrique & Rodrigo,13891.41
Emmy Meli,11969.916
IVE,11304.509
Vundabar,8856.717
SALES,17589.223
AX'EL,12308.025
B. Swanson Quartet,3611.1562
Blake Shelton,2909.1218
Dj Yo!,12308.025
JID,5984.7153
Julieta Venegas,41604.027
Mae Muller,38751.074
Mitchell Ayres & His Orchestra,5572.119
Moliy,26441.578
PNAU,35621.188
Project Pat,12139.502
Dopamine,3545.224
Mufasa & Hypeman,3545.224
Mari Fernandez,6841.754
Adassa,36074.027
Bagua Records,23224.941
Carolina Gaitán - La Gaita,36074.027
Diane Guerrero,41897.65
Fireboy DML,11138.594
Gustah,23224.941
Mauro Castillo,36074.027
Rhenzy Feliz,36074.027
Stephanie Beatriz,49687.414
Xamã,23224.941
Jessica Darrow,28359.398
Arcángel,53524.22
DJ Matt D,7828.206
Jnr Choi,18465.51
MC GP,7828.206
Menor MC,7828.206
Sam Tompkins,18465.51
Vulgo FK,7828.206
Ray Dalton,18927.193
Ryan Lewis,18927.193
Wizkid,2893.016
Carin Leon,47939.9
Beach House,3474.3384
Edison Lighthouse,8375.502
Olga Merediz,19242.16
Lauren Spencer Smith,27845.19
NIKI,10425.328
David Kushner,50787.72
AP Dhillon,23041.293
Gurinder Gill,23041.293
Intense,23041.293
Colin Hay,12383.18
Luude,12383.18
Kep1er,9011.902
Alvaro Diaz,9144.64
Chefin,11841.57
Muni Long,12254.316
Abhir Hathi,14950.797
Bejo,14950.797
Cruz Cafuné,14950.797
EL IMA,14950.797
Juseph,14950.797
La Pantera,14950.797
Quevedo,96690.88
Yung Lean,21725.357
Ryan Castro,25758.139
Em Beihold,60914.42
Dr. Dre,19193.012
Dove Cameron,32862.83
Jung Kook,46821.21
50 Cent,2196.4578
Dido,5613.669
Cris Mj,15820.838
TREASURE,11303.643
Eden Muñoz,2526.3237
JVKE,85801.47
Tulus,14602.211
Yeat,2645.8423
AnnenMayKantereit,17904.08
Giant Rooks,17904.08
Alejo,17913.814
ROBI,17913.814
4*TOWN (From Disney and Pixar's Turning Red),17591.807
Davi Kneip,10811.999
Dj Gabriel do Borel,10811.999
Finneas O'Connell,17591.807
Grayson Villanueva,17591.807
Jordan Fisher,17591.807
Josh Levi,17591.807
Mc Frog,10811.999
Topher Ngo,17591.807
Nile Rodgers,2956.442
Yahritza Y Su Esencia,5858.73
Pailita,33789.984
WIU,5194.352
DJ Biel do Furduncinho,4551.7134
L7NNON,4551.7134
Mr.Kitty,16060.947
Guns N' Roses,10309.448
Ali Sethi,10364.22
HA SUNG WOON,37607.566
Jessi,14203.736
Jimin,82838.945
Nicky Youre,31563.664
Shae Gill,10364.22
dazy,31563.664
Kevin Kaarl,7253.0938
Polimá Westcoast,37079.39
Leah Kate,12080.088
PSY,32601.486
Tems,35019.81
LE SSERAFIM,16873.008
Buscabulla,39529.887
Junior H,121022.75
The Marías,30973.418
Tony Dize,30882.895
Stephen Sanchez,84866.86
Amanda Reifer,40057.875
Victor Cibrian,5987.393
BYOR,12712.19
Kate Bush,39581.934
Tears For Fears,12693.13
James Hype,28731.354
Miggy Dela Rosa,28731.354
Musical Youth,26099.383
Villano Antillano,30914.852
DJ Robin,12337.871
Schürze,12337.871
La Adictiva,10052.937
Luis R Conriquez,8039.909
YEON,32547.84
Lasso,17690.01
Dj Win,9869.021
MC Tairon,9869.021
Mc Vitin Da Igrejinha,9869.021
Bianca,10251.266
Metallica,37497.93
LF SYSTEM,8883.368
Cigarettes After Sex,23048.098
Yung Gravy,28681.451
A Castela,24048.855
Dj Chris No Beat,15207.9375
Melody,15207.9375
Rema,67871.08
Rosa Linn,49328.54
Amitabh Bhattacharya,18959.9
Arijit Singh,18208.715
Pritam,18959.9
Seafret,16416.25
Grupo Marca Registrada,7406.7754
Kordhell,24429.54
NewJeans,74939.555
Ovy On The Drums,17571.004
Beach Weather,18025.703
Ghost,42762.305
Peso Pluma,211979.08
Armani White,9872.846
Kotim,9899.647
MC Ryan SP,5138.21
Maldy,23730.715
Mc Paiva ZS,9899.647
Eliza Rose,34851.664
Interplanetary Criminal,34851.664
Fujii Kaze,22096.754
d4vd,101535.84
Keane,14181.503
Oxlade,27470.846
Zach Bryan,16705.486
Montell Fish,16640.76
Omar Apollo,11471.462
Fran C,38081.664
Nickoog Clk,38081.664
Pablito Pesadilla,38081.664
Aitch,26922.273
Grupo Frontera,138662.6
Hallie Coggins,23129.262
Rosa Walton,23129.262
Dina Rae,11343.297
Standly,13978.456
Stars Music Chile,13978.456
Gustavo Mioto,7566.902
Baby Rasta,21517.729
southstar,19960.535
Kenshi Yonezu,12782.379
Hotel Ugly,12037.758
ThxSoMch,17211.11
TWISTED,5447.6685
Aerosmith,9614.898
Yuridia,6019.415
DJ ESCOBAR,21256.164
MC MENOR HR,21256.164
MC MENOR SG,21256.164
Ana Castela,19727.621
Freddie Dredd,12534.865
King,19492.04
Bellakath,20662.68
INTERWORLD,13950.04
New West,30546.695
Mabel Matiz,9140.173
Mert Demir,9140.173
Dj LK da Escócia,8591.369
Mc RF,8591.369
Tchakabum,8591.369
Fuerza Regida,101344.93
